CdM_X,CdM_Y,C7_X,C7_Y,CIAS_X,CIAS_Y,CIPS_X,CIPS_Y,JOELHO_X,JOELHO_Y,TORNOZELO_X,TORNOZELO_Y,CALCANHAR_X,CALCANHAR_Y,HALUX_X,HALUX_Y
0.4795,1.02091,0.6028823240000001,1.518647583,0.39378479,1.006267212,0.595636902,1.048187012,0.524243774,0.527750061,0.575697632,0.095387169,0.623867065,0.05138588,0.396173981,0.049765442
0.479476,1.02092,0.602876038,1.5186370850000002,0.393733002,1.006255249,0.5956214599999999,1.0481943360000001,0.5241944580000001,0.527734131,0.57570105,0.09538498699999999,0.623865356,0.051383625,0.396173248,0.049765984000000006
0.479452,1.02093,0.6028760989999999,1.518625854,0.393678345,1.006243347,0.595608032,1.048203125,0.524143372,0.527716553,0.5757064820000001,0.095382919,0.62386438,0.051381798000000006,0.396172821,0.049766434
0.479428,1.02093,0.6028819580000001,1.518614014,0.39362118500000004,1.006231689,0.59559668,1.048213623,0.5240917359999999,0.527698059,0.5757140500000001,0.095381088,0.62386438,0.051380585000000006,0.396172882,0.04976667
0.479406,1.02094,0.6028930659999999,1.518602295,0.393561951,1.0062202150000001,0.595587097,1.048225952,0.5240407709999999,0.5276788330000001,0.57572406,0.095379539,0.623865601,0.051380207,0.396173553,0.049766605
0.47938400000000003,1.02094,0.602908569,1.518590576,0.39350125100000005,1.0062093509999999,0.595579285,1.048240601,0.523991943,0.5276597900000001,0.575736389,0.095378311,0.62386853,0.05138084,0.396174957,0.04976614
0.479363,1.02094,0.6029277949999999,1.518578979,0.393439575,1.006199219,0.595572815,1.0482570800000002,0.523946777,0.527641113,0.575751038,0.095377419,0.623873047,0.051382633,0.396177277,0.049765217
0.479343,1.02095,0.602949951,1.5185679929999998,0.393377502,1.006190063,0.595567505,1.048275757,0.523906555,0.527623596,0.5757677609999999,0.095376816,0.623879578,0.051385693,0.39618038899999997,0.049763813
0.47932400000000003,1.02095,0.602974243,1.518557617,0.393315796,1.006182068,0.595562866,1.048296021,0.5238723750000001,0.527607544,0.575786011,0.09537645,0.623887756,0.051390045,0.396184357,0.049761936
0.479305,1.02095,0.602999695,1.518547852,0.39325494400000005,1.006175415,0.5955585330000001,1.0483176269999999,0.523845459,0.5275935060000001,0.575805298,0.095376198,0.623897705,0.051395618,0.396189056,0.049759621000000004
0.47928699999999996,1.02096,0.603025452,1.518538696,0.393195587,1.006170288,0.595553955,1.048340698,0.523826172,0.527581543,0.575825134,0.095375954,0.623909119,0.05140226,0.396194427,0.049756946999999996
0.479269,1.02096,0.6030507199999999,1.518530396,0.393138336,1.0061666870000001,0.595548584,1.048364136,0.523815063,0.527571777,0.5758447879999999,0.095375572,0.623921387,0.051409718,0.39620019500000003,0.049754032000000004
0.479251,1.02096,0.603074646,1.518522339,0.393083649,1.0061647950000001,0.595541809,1.048388062,0.523811829,0.527564514,0.575863342,0.095374916,0.623934204,0.051417651999999994,0.39620626800000003,0.049751002999999995
0.479233,1.02097,0.603096619,1.518515015,0.393031982,1.0061647950000001,0.5955333859999999,1.048411621,0.523815857,0.527559509,0.575880371,0.095373848,0.623947021,0.051425659000000006,0.39621228000000003,0.049747996999999995
0.479214,1.02097,0.603115662,1.5185076899999999,0.392983551,1.006166565,0.5955223999999999,1.048434326,0.523826538,0.52755658,0.575894897,0.095372238,0.623959229,0.0514333,0.39621801799999995,0.049745155
0.479195,1.02098,0.603131409,1.518500977,0.392938629,1.0061700439999999,0.5955086669999999,1.048455933,0.5238425290000001,0.5275554809999999,0.5759064939999999,0.095370003,0.6239703369999999,0.051440125,0.396223206,0.049742607
0.479174,1.02098,0.603143188,1.518494019,0.39289727799999996,1.006175293,0.595491577,1.048475952,0.523862244,0.527555786,0.575914795,0.09536707300000001,0.623979736,0.051445717,0.39622769199999996,0.049740443999999995
0.47915199999999997,1.02098,0.603150696,1.5184869380000001,0.392859344,1.006181946,0.595470825,1.0484938959999999,0.523884216,0.5275570679999999,0.575919495,0.095363449,0.623987061,0.051449726,0.39623114,0.049738743
0.479129,1.02099,0.6031534420000001,1.518479736,0.392824615,1.006190063,0.595445923,1.048509521,0.523906738,0.527559143,0.5759204099999999,0.09535914599999999,0.623992126,0.051451916,0.39623349,0.049737518
0.479105,1.02099,0.603151367,1.518471924,0.392792816,1.006199341,0.5954168089999999,1.048522583,0.52392804,0.527561401,0.575917603,0.095354225,0.623994629,0.051452141,0.39623464999999997,0.049736748
0.47907900000000003,1.02099,0.603144226,1.518463745,0.39276348899999997,1.0062093509999999,0.595383118,1.048533081,0.523946777,0.527563721,0.5759113770000001,0.095348801,0.623994629,0.051450409,0.39623452800000003,0.049736389000000006
0.47905200000000003,1.02099,0.603132141,1.518454834,0.392736084,1.006219971,0.595344849,1.048540894,0.5239615479999999,0.5275656129999999,0.5759021,0.095343025,0.623992249,0.051446849999999995,0.396233246,0.04973634
0.479024,1.02099,0.603115112,1.51844519,0.39270993,1.006230957,0.595302063,1.048546143,0.523971558,0.527566956,0.575890259,0.095337059,0.62398761,0.051441738,0.396230774,0.049736485000000004
0.47899400000000003,1.021,0.6030933230000001,1.518434692,0.39268444799999996,1.006241821,0.5952546999999999,1.048549072,0.5239762570000001,0.52756781,0.575876404,0.0953311,0.6239812010000001,0.051435417000000004,0.396227325,0.049736697999999996
0.478964,1.021,0.603067078,1.51842334,0.392658997,1.006252197,0.595203308,1.0485498050000002,0.523975342,0.527567993,0.575861267,0.095325371,0.623973267,0.051428322,0.396223114,0.049736866
0.478933,1.021,0.603036682,1.518411133,0.392632965,1.006261841,0.5951477660000001,1.048548706,0.523968933,0.5275675660000001,0.57584552,0.095320084,0.623964294,0.051420902,0.396218323,0.049736881
0.478901,1.021,0.603002625,1.518398315,0.392605652,1.0062705079999998,0.5950888670000001,1.048546265,0.523957642,0.527566772,0.5758298949999999,0.09531543,0.623954712,0.051413615999999995,0.39621313500000005,0.049736668000000005
0.47886900000000004,1.021,0.602965149,1.518384399,0.392576752,1.006277893,0.595026794,1.048542969,0.523942322,0.527565796,0.575815002,0.095311592,0.623945007,0.051406879,0.396207825,0.049736182999999996
0.478837,1.021,0.602924866,1.518369995,0.39254571499999996,1.006283752,0.594962036,1.0485390620000001,0.523923889,0.527564575,0.5758014530000001,0.095308746,0.623935425,0.051401031,0.39620251500000003,0.049735419999999995
0.478805,1.021,0.602882141,1.51835498,0.39251236,1.006287903,0.594895447,1.048535034,0.523903381,0.52756366,0.575789673,0.095306992,0.6239263310000001,0.05139632,0.396197418,0.049734406
0.478774,1.02099,0.602837646,1.5183393550000002,0.39247656200000003,1.0062904049999999,0.594827271,1.048531128,0.523881958,0.527562988,0.575780151,0.095306427,0.623918091,0.051392906,0.396192566,0.049733208
0.478742,1.02099,0.602791565,1.518323486,0.392438324,1.0062911380000001,0.594758362,1.048528076,0.523860901,0.5275627439999999,0.575773132,0.09530706000000001,0.623910706,0.051390811999999994,0.39618817100000003,0.049731884000000004
0.478711,1.02099,0.602744446,1.518307251,0.392397766,1.0062901,0.594689392,1.048526001,0.5238408809999999,0.527562988,0.575768738,0.095308876,0.62390448,0.05138998,0.396184174,0.049730522
0.47868099999999997,1.02099,0.602696777,1.518290771,0.39235519399999996,1.006287231,0.5946207889999999,1.048525146,0.5238228149999999,0.527563843,0.575766785,0.095311806,0.623899231,0.051390266,0.396180573,0.049729202
0.478651,1.02099,0.602648865,1.518274048,0.392311096,1.0062828369999999,0.594553223,1.048525513,0.523807129,0.527565308,0.575767334,0.09531571200000001,0.6238950200000001,0.051391444999999994,0.39617733800000005,0.049727997
0.47862099999999996,1.02099,0.602600891,1.518257324,0.392265869,1.0062768549999999,0.594487366,1.048527466,0.5237940670000001,0.5275671999999999,0.575770081,0.09532043500000001,0.623891846,0.051393253,0.39617453,0.049726948
0.47859199999999996,1.02099,0.602553223,1.518240845,0.392220123,1.006269958,0.594423645,1.048530884,0.523783447,0.52756958,0.575774475,0.095325745,0.623889465,0.051395409,0.396171936,0.049726093
0.47856299999999996,1.02099,0.6025062259999999,1.518224365,0.392174438,1.006261841,0.594362488,1.0485356449999998,0.523775208,0.527572205,0.575780151,0.09533143599999999,0.623887756,0.051397636,0.396169556,0.049725449
0.47853500000000004,1.02099,0.602459717,1.518207886,0.392129547,1.006252869,0.594304382,1.048541748,0.52376886,0.527575073,0.575786499,0.095337265,0.6238867800000001,0.051399681,0.39616729700000003,0.049724998
0.478507,1.02099,0.602414124,1.518191528,0.392085968,1.006243469,0.594249573,1.048549072,0.523763733,0.527578003,0.575792847,0.095342979,0.623886108,0.051401348,0.39616522200000004,0.049724742999999995
0.478479,1.02099,0.6023694460000001,1.518175659,0.392044373,1.006233826,0.594198242,1.048557007,0.5237592160000001,0.5275807499999999,0.575798767,0.095348366,0.623885742,0.051402473,0.396163208,0.049724648
0.478451,1.02099,0.6023256229999999,1.51815979,0.392005219,1.00622406,0.594150513,1.048565674,0.523754822,0.527583374,0.575803589,0.095353218,0.62388562,0.051402981,0.396161224,0.049724693
0.478423,1.02098,0.602282776,1.518144043,0.391968994,1.0062142330000001,0.5941065670000001,1.048574463,0.523749939,0.527585815,0.575806824,0.09535738399999999,0.623885498,0.051402847,0.396159424,0.049724869
0.478396,1.02098,0.602240662,1.518128418,0.391936035,1.00620459,0.594066345,1.04858313,0.5237442630000001,0.527587891,0.575808228,0.095360764,0.623885437,0.051402115000000005,0.396157715,0.049725163
0.47836900000000004,1.02097,0.6021995849999999,1.518113037,0.39190655500000005,1.006195312,0.594029602,1.048591553,0.5237375489999999,0.527589905,0.575807556,0.095363297,0.6238852540000001,0.051400866999999996,0.396156097,0.049725574
0.478342,1.02097,0.60215918,1.5180979,0.391880676,1.00618634,0.5939963380000001,1.048599243,0.5237297360000001,0.527591736,0.575804749,0.095364998,0.62388501,0.051399234999999995,0.39615469400000003,0.049726093
0.478315,1.02096,0.60211969,1.518083008,0.391858459,1.006177673,0.59396637,1.048606323,0.523721069,0.5275935060000001,0.5757998049999999,0.09536591300000001,0.623884766,0.051397366,0.396153503,0.049726734
0.47828899999999996,1.02096,0.602080688,1.5180683590000001,0.391839691,1.006169312,0.59393927,1.048611938,0.523711792,0.527595154,0.575792969,0.095366142,0.623884277,0.051395428,0.39615252700000003,0.049727505
0.478263,1.02095,0.602042358,1.518054077,0.391824188,1.006161194,0.5939147339999999,1.048616821,0.523702454,0.527596985,0.575784607,0.09536582199999999,0.623883728,0.051393574000000004,0.396151764,0.049728394
0.478237,1.02094,0.6020045780000001,1.518040405,0.391811676,1.006153198,0.593892639,1.0486202390000001,0.523693359,0.5275989990000001,0.575775024,0.095365112,0.623883118,0.051391949,0.396151154,0.049729393000000004
0.47821199999999997,1.02094,0.601967346,1.5180275879999998,0.391801788,1.006145264,0.593872437,1.048622437,0.5236853029999999,0.527601196,0.575764771,0.095364189,0.623882507,0.051390667,0.396150665,0.04973048
0.478188,1.02093,0.6019303589999999,1.518015747,0.391794037,1.006137268,0.5938538210000001,1.048623657,0.523678528,0.5276035769999999,0.5757542720000001,0.095363243,0.623881958,0.051389809,0.39615036,0.049731625
0.478164,1.02092,0.601893799,1.518005005,0.391788025,1.006129028,0.5938366089999999,1.048623901,0.523673584,0.5276062010000001,0.5757440800000001,0.095362427,0.62388147,0.051389435,0.396150055,0.04973278
0.47814100000000004,1.02092,0.6018573,1.517995972,0.39178329500000003,1.006120544,0.5938204349999999,1.048623657,0.5236708370000001,0.527609009,0.575734497,0.09536187,0.6238811040000001,0.051389553,0.39614974999999997,0.04973391
0.478117,1.02091,0.601821045,1.5179887699999999,0.391779327,1.006112,0.5938051759999999,1.048623047,0.523670349,0.5276119380000001,0.5757260129999999,0.09536172500000001,0.6238807980000001,0.051390152,0.396149445,0.049734959
0.478094,1.0209,0.6017847900000001,1.517984131,0.391775848,1.0061029049999999,0.593790649,1.048622559,0.523672241,0.527614929,0.575718811,0.09536204499999999,0.6238807369999999,0.05139119,0.396149109,0.04973587
0.478071,1.02089,0.6017481689999999,1.517982422,0.39177233899999997,1.0060938720000001,0.5937767939999999,1.0486226810000001,0.5236762079999999,0.527618042,0.575713135,0.09536288500000001,0.62388092,0.051392605,0.39614865099999996,0.04973661
0.47804800000000003,1.02089,0.6017113040000001,1.517983643,0.391768616,1.006084656,0.593763611,1.048623779,0.523682373,0.527621216,0.575708923,0.095364273,0.623881287,0.051394325000000005,0.396148102,0.049737152
0.478025,1.02088,0.601673706,1.517988647,0.391764404,1.0060756229999999,0.593751099,1.048626587,0.5236901860000001,0.5276243899999999,0.575706238,0.09536618,0.623881775,0.051396263,0.396147522,0.049737473000000004
0.478002,1.02088,0.601635193,1.5179978029999999,0.391759583,1.006067017,0.5937393799999999,1.0486313479999998,0.523699524,0.5276275020000001,0.575704895,0.095368546,0.623882446,0.051398342,0.396146851,0.049737576
0.477978,1.02088,0.6015953980000001,1.518011475,0.391754211,1.0060591429999999,0.59372876,1.04863855,0.523710205,0.527630798,0.575704651,0.095371315,0.62388324,0.051400482,0.39614624,0.049737484000000005
0.477954,1.02087,0.601553955,1.5180294189999999,0.391748322,1.00605249,0.593719421,1.048648926,0.5237218020000001,0.5276343379999999,0.575705261,0.095374367,0.6238841549999999,0.051402603,0.39614553799999996,0.049737212999999995
0.477929,1.02087,0.6015104370000001,1.51805249,0.39174212599999997,1.006047485,0.593711731,1.04866272,0.5237344970000001,0.527638062,0.5757064820000001,0.095377625,0.62388501,0.051404648000000004,0.396144928,0.049736824
0.477904,1.02088,0.601464355,1.518079956,0.391735931,1.006044495,0.593705994,1.04867981,0.52374823,0.527642395,0.575708008,0.095380936,0.623885864,0.051406562999999995,0.39614428700000004,0.049736347
0.477879,1.02088,0.6014150389999999,1.518112183,0.39173022500000004,1.006044006,0.593702637,1.048700806,0.523763,0.527647217,0.5757095950000001,0.095384178,0.6238867189999999,0.051408301999999996,0.396143707,0.04973584
0.477853,1.02089,0.601362305,1.5181484379999999,0.39172534200000003,1.006046509,0.5937018430000001,1.048725342,0.5237794189999999,0.527652832,0.575710876,0.09538726,0.623887329,0.051409840000000005,0.396143066,0.049735344
0.477828,1.0209,0.6013053589999999,1.518188232,0.391721832,1.0060522459999999,0.593703857,1.0487532960000001,0.5237975460000001,0.527659485,0.575711853,0.095390045,0.623887634,0.051411163,0.396142426,0.049734901
0.477803,1.02091,0.6012438959999999,1.518230591,0.39172039799999997,1.006061462,0.5937089839999999,1.0487840579999999,0.5238180539999999,0.527667114,0.57571228,0.095392418,0.6238878170000001,0.051412251,0.39614169299999996,0.049734516
0.47778,1.02092,0.60117749,1.518274292,0.39172152699999996,1.00607428,0.593717407,1.0488168949999999,0.5238414309999999,0.527675842,0.5757121580000001,0.09539431000000001,0.623887695,0.051413109,0.39614093,0.049734203
0.47775799999999996,1.02093,0.6011058349999999,1.518318359,0.391725708,1.006090393,0.593728821,1.0488510739999999,0.523868103,0.527685791,0.575711365,0.095395638,0.6238873899999999,0.051413733999999996,0.396140045,0.049733952000000005
0.477738,1.02094,0.601028687,1.518361084,0.39173349,1.006109741,0.5937432250000001,1.0488853759999999,0.523898438,0.5276970209999999,0.575710144,0.09539637000000001,0.6238867800000001,0.051414135,0.396139099,0.049733711
0.477721,1.02095,0.600945923,1.5184001459999998,0.39174527,1.006131287,0.5937600710000001,1.048918091,0.523932556,0.5277093509999999,0.5757083740000001,0.095396469,0.6238859250000001,0.051414322,0.396138123,0.049733448
0.477707,1.02096,0.600857971,1.518434326,0.391761078,1.0061542970000001,0.593778809,1.048947998,0.523970398,0.527722778,0.57570636,0.09539595,0.623884949,0.051414288,0.396137238,0.049733116
0.477695,1.02097,0.600765137,1.5184608149999999,0.391780914,1.006177429,0.5937983400000001,1.048973145,0.524011475,0.5277370610000001,0.575704224,0.09539489000000001,0.623883972,0.051414051,0.39613650499999997,0.04973267
0.47768700000000003,1.02097,0.600667969,1.518478027,0.391804443,1.006199219,0.5938176270000001,1.048991577,0.524054871,0.527752014,0.575702148,0.095393341,0.623882935,0.051413601,0.39613604700000005,0.049732067
0.47768099999999997,1.02097,0.6005674440000001,1.518483521,0.391831055,1.006217712,0.593835266,1.0490014650000001,0.524099121,0.527767273,0.575700195,0.09539147199999999,0.6238821410000001,0.051412941,0.396135986,0.049731304000000004
0.477676,1.02096,0.6004650269999999,1.51847522,0.39185965,1.006230713,0.593849426,1.049000977,0.524142273,0.527782593,0.5756987299999999,0.09538945800000001,0.62388147,0.051412071,0.396136444,0.049730392000000005
0.47767200000000004,1.02094,0.600362,1.518451294,0.391888763,1.006236084,0.593858093,1.048988403,0.524181702,0.5277975460000001,0.575697876,0.09538750500000001,0.6238811040000001,0.051411017999999996,0.396137543,0.049729404000000005
0.47766699999999995,1.02092,0.600260437,1.518410645,0.391916626,1.006231201,0.5938591310000001,1.0489624020000001,0.524214783,0.527811462,0.575697754,0.09538587200000001,0.623880981,0.051409793999999995,0.396139252,0.049728409
0.477659,1.02089,0.600162476,1.518352173,0.391940979,1.0062138059999999,0.5938501589999999,1.0489217530000001,0.524238159,0.5278240970000001,0.575698486,0.095384834,0.623881409,0.051408451,0.396141663,0.04972752
0.477645,1.02084,0.600070435,1.518275146,0.39195907599999996,1.006181458,0.593828491,1.048865967,0.524248657,0.527834961,0.5757001340000001,0.095384705,0.62388208,0.051407066,0.39614456200000003,0.049726883
0.477625,1.0207899999999999,0.599986938,1.518180054,0.391968018,1.006132629,0.5937916870000001,1.0487949220000001,0.5242432250000001,0.527843323,0.5757026980000001,0.09538575,0.623883057,0.05140575,0.396147949,0.049726601
0.477594,1.02073,0.599914917,1.5180679929999998,0.39196450800000004,1.006065491,0.593737061,1.048709473,0.524219604,0.527848755,0.5757060549999999,0.095388245,0.623884399,0.051404648000000004,0.39615152,0.049726776
0.477551,1.02066,0.5998570559999999,1.517940796,0.391945251,1.0059794309999999,0.593662231,1.0486114500000001,0.524176331,0.527851135,0.5757102660000001,0.09539235700000001,0.623885681,0.051403942,0.396154938,0.049727448
0.477495,1.02058,0.599816162,1.5178012699999999,0.39190685999999997,1.005874634,0.5935651860000001,1.048503174,0.524113525,0.527850159,0.575714905,0.095398186,0.623887024,0.051403846999999996,0.39615792800000005,0.049728558
0.477423,1.0204900000000001,0.5997948,1.517653564,0.391846222,1.005752197,0.593443848,1.048387939,0.524033264,0.527845764,0.575719788,0.095405739,0.623887939,0.051404564,0.39616006499999995,0.049729973000000004
0.47733600000000004,1.02041,0.599795532,1.5175023189999999,0.39176062,1.005614502,0.593297241,1.048270264,0.523939392,0.5278383179999999,0.5757246699999999,0.095414841,0.623888428,0.051406319000000006,0.39616101099999995,0.049731419000000006
0.477233,1.0203200000000001,0.599819885,1.5173530270000002,0.391647949,1.005465271,0.593124756,1.048155273,0.523838501,0.5278282470000001,0.5757291259999999,0.09542513300000001,0.623888123,0.051409260000000005,0.396160461,0.049732536
0.477116,1.02023,0.599869385,1.517212891,0.39150698899999997,1.0053093260000001,0.5929266360000001,1.048049438,0.523739563,0.5278165890000001,0.5757330930000001,0.09543611099999999,0.623886963,0.051413455999999996,0.396158081,0.049732853
0.47698700000000005,1.02016,0.599944336,1.517088501,0.391337769,1.0051534420000001,0.592704041,1.047959473,0.5236533809999999,0.527804626,0.5757361449999999,0.095447037,0.623884644,0.051418877,0.396153839,0.04973185
0.47685,1.02009,0.6000443729999999,1.516988403,0.391141663,1.005005005,0.592459595,1.047892578,0.523592407,0.527793701,0.575738281,0.095457039,0.623881226,0.051425312,0.396147675,0.049729034
0.476709,1.02005,0.600167786,1.516920044,0.39092157,1.004873047,0.592196777,1.047856567,0.5235698240000001,0.527785767,0.575739563,0.095465118,0.623876709,0.051432354,0.39613989299999997,0.049723965
0.476568,1.02002,0.60031189,1.516891968,0.390682343,1.0047672730000001,0.591920471,1.0478591309999998,0.523598145,0.527782837,0.575740234,0.095470161,0.623871338,0.051439384,0.39613092,0.049716408000000004
0.476434,1.02003,0.600472229,1.516911499,0.390430878,1.004698181,0.591637207,1.0479072269999998,0.523687866,0.527786926,0.575740601,0.095471069,0.623865356,0.05144558,0.39612142899999997,0.049706417
0.476312,1.02007,0.600643005,1.516985718,0.390176056,1.00467572,0.591354675,1.04800769,0.523845703,0.527799622,0.575741211,0.095466812,0.623859375,0.051449902,0.396112366,0.049694434999999995
0.476205,1.02015,0.600816528,1.51712085,0.38992895499999997,1.004710205,0.591082153,1.048165527,0.5240726929999999,0.527822388,0.5757430419999999,0.095456604,0.623854004,0.051451168000000005,0.396104797,0.049681396
0.476119,1.02027,0.600983765,1.517320679,0.389702942,1.00481012,0.590830627,1.048384644,0.524362427,0.527855835,0.575746521,0.095439865,0.6238499759999999,0.05144812,0.396100067,0.049668808
0.476056,1.02043,0.601133423,1.5175874020000002,0.389513245,1.004982361,0.590611816,1.04866687,0.524699402,0.527899475,0.575752563,0.095416489,0.623848389,0.051439526,0.39609948700000003,0.049658810000000005
0.476017,1.02064,0.601252686,1.5179211430000001,0.38937701399999997,1.0052312620000001,0.590439392,1.049010864,0.525057251,0.5279516599999999,0.5757614139999999,0.09538681800000001,0.623849915,0.051424274,0.396104431,0.049654156
0.47600099999999995,1.02088,0.601326843,1.518318359,0.38931304899999997,1.005557556,0.5903275760000001,1.049413452,0.525398804,0.528008789,0.575773438,0.09535172300000001,0.6238557130000001,0.051401535000000005,0.39611611900000004,0.049658184
0.476006,1.02116,0.601339478,1.5187727050000002,0.389341309,1.0059578249999999,0.590291748,1.049867798,0.525674988,0.52806543,0.575788086,0.095312691,0.6238665160000001,0.051370834000000004,0.39613559,0.049674706
0.476027,1.02147,0.601272705,1.519274048,0.389482758,1.006423828,0.5903477779999999,1.0503632809999999,0.525826233,0.528113647,0.575804321,0.095271721,0.623882935,0.051332203,0.39616357399999996,0.049707844
0.476055,1.0218,0.601106995,1.519808228,0.389758789,1.006941772,0.5905119019999999,1.0508861079999998,0.525783508,0.528143188,0.575820251,0.095231293,0.623905701,0.051286232,0.396200287,0.049761806
0.476084,1.02212,0.60082196,1.520356812,0.39019079599999995,1.007491699,0.5908005980000001,1.051418701,0.5254709470000001,0.528140991,0.575833374,0.09519426,0.623934814,0.0512341,0.396245453,0.049840595
0.47610199999999997,1.0224199999999999,0.600396118,1.520897339,0.390799622,1.0080469970000001,0.591229553,1.051938965,0.524809265,0.52809137,0.575839966,0.095163628,0.623969971,0.051177563,0.396298096,0.049947704
0.476099,1.02267,0.5998070679999999,1.521403198,0.391605011,1.008574829,0.5918144529999999,1.0524223629999998,0.523719116,0.5279763789999999,0.575835754,0.09514244100000001,0.6240108639999999,0.051118873999999995,0.396356781,0.050085785
0.47606400000000004,1.02285,0.5990326539999999,1.5218427730000001,0.392625458,1.009035583,0.592569458,1.05284021,0.522126099,0.527775574,0.575815735,0.095133415,0.624056152,0.051060665,0.396419403,0.05025631
0.47598700000000005,1.02292,0.59805011,1.52218103,0.393877258,1.009383545,0.59350769,1.053161255,0.5199644170000001,0.5274671019999999,0.575774475,0.09513885500000001,0.624104675,0.051005753,0.396483368,0.050459259000000006
0.475861,1.02284,0.596837708,1.52237915,0.39537472500000004,1.009567261,0.5946405640000001,1.05335144,0.517182068,0.5270277099999999,0.57570636,0.095160301,0.624154602,0.050956947,0.396545624,0.050692905
0.475678,1.02258,0.595374084,1.522394653,0.397129242,1.00953064,0.5959772339999999,1.053374634,0.5137439580000001,0.5264343260000001,0.575605957,0.095198418,0.6242038569999999,0.050916824,0.396603088,0.050953677999999995
0.47543599999999997,1.0221,0.593639465,1.522182495,0.399149475,1.009213806,0.597525085,1.053194458,0.509635437,0.525664001,0.575468262,0.095252853,0.624250244,0.050887516,0.396652588,0.051236118
0.475135,1.0213400000000001,0.591615356,1.521695435,0.40144101,1.00855481,0.599288696,1.052772827,0.504863983,0.524695984,0.57528894,0.09532218899999999,0.6242913210000001,0.050870517999999997,0.396691132,0.051533024
0.474779,1.02028,0.589285583,1.520884644,0.404006256,1.00749054,0.601270203,1.052072632,0.499460083,0.5235120849999999,0.575065125,0.095403931,0.6243247679999999,0.050866558,0.39671633900000003,0.051835693
0.474375,1.01885,0.586636169,1.5197006839999998,0.40684445199999997,1.005958801,0.60346875,1.051057983,0.49347619600000003,0.5220977779999999,0.5747950439999999,0.095494675,0.624348267,0.050875518999999994,0.39672634900000003,0.052134349999999996
0.473933,1.0170299999999999,0.583655884,1.518094238,0.409951691,1.003900269,0.6058809199999999,1.049694214,0.48698516799999997,0.5204433589999999,0.574478455,0.095590225,0.624360168,0.050896435,0.396720123,0.052418678
0.47346499999999997,1.01478,0.580336609,1.516016968,0.413321014,1.001259827,0.608500183,1.047949829,0.480076752,0.518544861,0.574116577,0.09568597400000001,0.6243585819999999,0.050927597,0.39669757099999997,0.052678463
0.47298399999999996,1.01206,0.576673401,1.5134223629999999,0.416942596,0.997988281,0.611317444,1.0457958980000002,0.472853455,0.516403992,0.573712463,0.09577703900000001,0.624342712,0.050966662999999995,0.396659546,0.052904209
0.47250400000000004,1.00884,0.572664734,1.510266602,0.42080386399999997,0.994044312,0.614320801,1.0432084959999999,0.465425385,0.51402887,0.5732705690000001,0.095858734,0.624312012,0.051010883,0.396607758,0.053087841
0.472038,1.00509,0.5683129269999999,1.506509888,0.424889923,0.989395508,0.6174959720000001,1.040166626,0.457905396,0.51143396,0.5727962649999999,0.095926765,0.624266357,0.051057322999999995,0.39654461700000004,0.05322324
0.47159500000000004,1.00081,0.56362384,1.502116577,0.42918335,0.984019958,0.620826111,1.036655029,0.450403534,0.508639648,0.572296448,0.095977562,0.624206726,0.051103119,0.396473236,0.053306666999999995
0.471185,0.9959779999999999,0.5586072390000001,1.49705603,0.433664948,0.977906494,0.6242926639999999,1.032662842,0.443022675,0.505671204,0.571778259,0.09600843,0.6241341549999999,0.051145721000000005,0.396397125,0.053337044
0.470811,0.990593,0.553276306,1.491303833,0.438313416,0.971055786,0.6278751220000001,1.028184204,0.435854034,0.502558167,0.571249512,0.09601771499999999,0.624050659,0.051183079,0.396319824,0.053315945
0.47047500000000003,0.984658,0.54764801,1.484841797,0.443106171,0.963480225,0.6315516360000001,1.023217896,0.428974762,0.499333099,0.570718018,0.096004845,0.623958557,0.051213799000000004,0.396245026,0.053247433000000004
0.470174,0.978183,0.5417426759999999,1.477659058,0.44801892099999996,0.955203552,0.635299133,1.017768372,0.422445465,0.496029968,0.570191223,0.0959702,0.623860168,0.051237202,0.396176025,0.053137676
0.469902,0.971185,0.535583984,1.469751831,0.453026245,0.9462604370000001,0.639094116,1.011843689,0.41630993699999996,0.4926828,0.5696760860000001,0.095915077,0.623758423,0.051253372,0.396115692,0.052994354
0.469654,0.9636849999999999,0.5291981809999999,1.461123535,0.458101685,0.936695923,0.642912354,1.005456909,0.410594971,0.489324432,0.5691790160000001,0.09584146099999999,0.6236561279999999,0.051263046,0.396066406,0.052826038
0.469418,0.9557089999999999,0.522614319,1.4517861330000001,0.463217773,0.9265634159999999,0.646729797,0.998624268,0.40531185900000005,0.485984711,0.568704895,0.095751762,0.623555847,0.051267544,0.39602990699999996,0.052641433999999994
0.469185,0.947287,0.515863586,1.441759155,0.46834637500000004,0.915924011,0.650522644,0.991365906,0.40045800800000003,0.48268975799999997,0.568258057,0.095648643,0.623459839,0.051268627000000004,0.396007324,0.052448704
0.468943,0.938455,0.5089790949999999,1.431069092,0.473458832,0.9048444210000001,0.654267761,0.983704834,0.396019287,0.479460938,0.5678412479999999,0.09553479799999999,0.623370056,0.051268287999999995,0.395999084,0.05225491
0.46868200000000004,0.9292469999999999,0.501995026,1.419751343,0.478525909,0.8933955690000001,0.657942993,0.975666504,0.391972229,0.476313965,0.567455933,0.09541271999999999,0.623287781,0.051268658,0.39600488300000003,0.052065494999999996
0.46839299999999995,0.919705,0.494946747,1.4078472899999999,0.483518341,0.881650818,0.661527161,0.967278992,0.38828643799999996,0.47325888099999996,0.5671026,0.095284645,0.623213867,0.051271828,0.396023865,0.051884087
0.468065,0.909867,0.48786996499999996,1.395405762,0.488406921,0.869684143,0.665000488,0.9585718990000001,0.38492678799999996,0.47029965199999996,0.566780334,0.095152489,0.623148315,0.05127977,0.396054718,0.051712357
0.46769299999999997,0.899778,0.48080053700000003,1.382482422,0.49316275000000004,0.857569214,0.6683451539999999,0.9495764769999999,0.38185494999999997,0.467434845,0.566486938,0.09501784499999999,0.6230906979999999,0.051294266,0.39609536700000003,0.051550182
0.467269,0.88948,0.473773712,1.369137939,0.49775759900000005,0.8453769529999999,0.671544617,0.9403258059999999,0.37903076199999997,0.46465771499999997,0.5662194819999999,0.094882011,0.6230397950000001,0.051316898,0.396143494,0.05139592
0.46678699999999995,0.879017,0.466824158,1.355439087,0.502164124,0.83317572,0.674584473,0.93085376,0.37641360500000004,0.46195718399999997,0.565974182,0.094746178,0.6229941410000001,0.051349032999999995,0.396196289,0.051246777
0.46624400000000005,0.868436,0.459985168,1.341456909,0.5063564150000001,0.821029236,0.677452148,0.921195923,0.373962982,0.459318665,0.5657463380000001,0.09461153400000001,0.622951782,0.051391888000000004,0.396250702,0.051099358000000004
0.46563600000000005,0.857782,0.453288635,1.327266602,0.510310181,0.80899707,0.6801370849999999,0.9113886720000001,0.37163897700000004,0.45672506700000004,0.565531067,0.09447934,0.6229108280000001,0.051446559999999995,0.39630352799999996,0.050950091999999995
0.464961,0.847101,0.446764709,1.312946655,0.514003235,0.797133545,0.682630798,0.901470215,0.369403198,0.454158112,0.5653232420000001,0.094351135,0.6228693240000001,0.05151408,0.396351654,0.050795772999999995
0.464217,0.8364400000000001,0.440441254,1.2985786129999999,0.517415833,0.7854880369999999,0.684926514,0.8914798580000001,0.36721893299999997,0.451599243,0.5651174929999999,0.09422878300000001,0.622825073,0.05159547,0.39639211999999996,0.050633911
0.46340499999999996,0.825845,0.434344116,1.284245361,0.520531006,0.774104797,0.6870196529999999,0.881458252,0.365051941,0.449030975,0.56490863,0.094114555,0.6227764889999999,0.051691792,0.39642215,0.050463028
0.462523,0.815365,0.42849667399999997,1.2700314940000001,0.523334717,0.763023865,0.6889072270000001,0.871447876,0.362871094,0.446437988,0.564691711,0.094011154,0.622722168,0.051804161,0.396439606,0.050282764
0.461575,0.8050470000000001,0.422919922,1.256021729,0.52581665,0.752281128,0.690588074,0.861492676,0.36064904799999997,0.44380807499999997,0.5644620969999999,0.09392165400000001,0.622660522,0.051933826,0.39644296300000004,0.050093913999999996
0.46056,0.7949400000000001,0.417632355,1.242301514,0.5279697879999999,0.741908997,0.692062561,0.8516386720000001,0.35836322000000004,0.441133057,0.564215332,0.093849457,0.622590393,0.05208215,0.39643109099999996,0.049898235
0.45948300000000003,0.7850929999999999,0.41265002399999995,1.22895459,0.529790588,0.731937256,0.6933322749999999,0.841933105,0.355996399,0.438409576,0.563947571,0.093798302,0.622510437,0.052250689999999995,0.396403625,0.049698203999999996
0.458347,0.775554,0.407986603,1.216063965,0.531279419,0.722393616,0.694400208,0.832425354,0.353537537,0.435639526,0.563654907,0.093772041,0.622419128,0.052441181,0.39636062600000005,0.049496676999999996
0.457156,0.7663730000000001,0.403653656,1.203711548,0.5324401249999999,0.713304626,0.6952702030000001,0.823166138,0.350982147,0.432830261,0.563334045,0.093774651,0.622314331,0.052655589999999995,0.39630258199999996,0.049296528
0.455916,0.7576,0.399660492,1.1919754640000002,0.5332799680000001,0.70469574,0.695946777,0.814207642,0.348332855,0.429994904,0.562982117,0.093810112,0.6221936650000001,0.052896099,0.39622995,0.049100307
0.454632,0.7492859999999999,0.39601470899999996,1.1809327390000002,0.5338091429999999,0.696592529,0.696434998,0.805603394,0.34559884599999996,0.427151703,0.562596313,0.093882286,0.6220538330000001,0.053165104,0.39614318800000003,0.048909977
0.45331,0.74148,0.39272207600000003,1.1706563719999998,0.534040466,0.6890205079999999,0.696740112,0.797407776,0.342795959,0.42432379200000003,0.562174744,0.09399487299999999,0.621890991,0.053465136999999996,0.39604254200000005,0.048726765
0.451956,0.734232,0.389786865,1.161216064,0.533988953,0.6820062259999999,0.69686731,0.789676025,0.33994574,0.421538391,0.56171582,0.094151283,0.621700378,0.053798801,0.395927795,0.048551158999999997
0.450577,0.7275929999999999,0.38721228,1.152678101,0.533671326,0.675576721,0.696821167,0.782463684,0.337074127,0.41882553100000003,0.5612195430000001,0.09435450000000001,0.6214774169999999,0.054168579,0.395798157,0.048383099
0.449179,0.721611,0.385000214,1.1451049800000002,0.533104675,0.6697603759999999,0.696605896,0.7758262939999999,0.33421032700000003,0.416217255,0.560686951,0.094606987,0.621217346,0.054576656,0.39565252700000003,0.048222282
0.447768,0.716333,0.383151825,1.138555054,0.532306641,0.6645865479999999,0.6962246089999999,0.769819092,0.331384766,0.413746002,0.560121033,0.094910385,0.620916382,0.055024673,0.395489563,0.048068626
0.446349,0.711807,0.38166760299999997,1.1330825199999999,0.531293945,0.660085876,0.69567926,0.764496826,0.328627502,0.411443207,0.5595274050000001,0.095265305,0.6205718379999999,0.055513378,0.39530816700000004,0.047922802
0.444926,0.708075,0.380547394,1.1287368160000002,0.530082092,0.656290283,0.694970215,0.759913147,0.325966064,0.409338104,0.5589141240000001,0.095671028,0.6201836550000001,0.056042297,0.395107697,0.047786716
0.443504,0.7051799999999999,0.379790558,1.125563721,0.5286845090000001,0.653233154,0.694096191,0.756120361,0.323423981,0.40745642099999996,0.558292542,0.09612505299999999,0.619754517,0.056609344,0.394888824,0.047663978999999995
0.442085,0.7031609999999999,0.379396027,1.123604004,0.527111572,0.650948914,0.693054626,0.7531695559999999,0.321019318,0.405819458,0.557677368,0.09662271900000001,0.6192913210000001,0.057210365000000006,0.394653961,0.04756012
0.440673,0.702053,0.37936224399999996,1.1228939210000002,0.5253708500000001,0.6494735110000001,0.691840271,0.751109619,0.318763855,0.40444314600000003,0.557086243,0.097156776,0.618805237,0.057838726,0.39440811200000003,0.047482498
0.439268,0.7018880000000001,0.379687408,1.123465088,0.523465759,0.64884375,0.690446899,0.749987549,0.316662689,0.403338074,0.5565397950000001,0.097716927,0.618312683,0.058484898,0.39415893599999996,0.047439926
0.43787099999999995,0.7026950000000001,0.380368866,1.125344116,0.5213958740000001,0.649098328,0.6888660280000001,0.7498479610000001,0.314715515,0.402509552,0.556060364,0.098289597,0.617834595,0.05913612,0.393917389,0.047441806999999996
0.43648200000000004,0.704499,0.38140338100000004,1.128553101,0.519156799,0.650276733,0.6870876459999999,0.75073291,0.31291772500000004,0.401958374,0.555671326,0.098857719,0.617396667,0.059776196,0.393697357,0.047496895000000004
0.435101,0.7073200000000001,0.382787018,1.1331088870000001,0.516740295,0.6524195559999999,0.685100708,0.752681458,0.311263458,0.401682068,0.5553950200000001,0.09940096300000001,0.617027527,0.060385529,0.393515381,0.047611694
0.433727,0.711175,0.38451452599999997,1.139022217,0.514134399,0.655568542,0.682893188,0.755729736,0.309749115,0.401676819,0.5552504269999999,0.099896156,0.616757324,0.060941517,0.39338937399999996,0.047788578
0.43236,0.7160789999999999,0.386579559,1.146299438,0.51132428,0.659765747,0.6804526980000001,0.7599099119999999,0.308377472,0.401939514,0.555251404,0.100318291,0.616615112,0.061419437,0.39333728,0.048023899
0.431,0.722043,0.388974243,1.154940308,0.508292664,0.665053406,0.677766907,0.76525061,0.307162506,0.402470642,0.555403992,0.100642044,0.616625366,0.061793945,0.393374634,0.04830624
0.429649,0.729075,0.39168893400000004,1.164938721,0.505021271,0.6714735110000001,0.674824646,0.7717756960000001,0.306133789,0.40327731299999997,0.55570343,0.100843811,0.61680426,0.062041279000000005,0.393512177,0.048615185
0.42831,0.7371810000000001,0.39471209700000004,1.17628186,0.501491425,0.679066101,0.6716159669999999,0.779504089,0.30534079000000003,0.404375916,0.556132324,0.100904503,0.6171557010000001,0.062142323,0.39375308200000003,0.048920811
0.426988,0.7463650000000001,0.398029968,1.1889504389999999,0.497685699,0.687869568,0.668133301,0.788448975,0.30485580399999995,0.40579513500000003,0.556658997,0.100812721,0.617667236,0.062086407,0.394089691,0.049184348999999995
0.425691,0.7566309999999999,0.401626587,1.2029176030000002,0.49358905,0.6979179689999999,0.664372314,0.798617432,0.30477493299999997,0.407578461,0.557236633,0.100568512,0.618306885,0.061875763,0.394501495,0.049360126000000004
0.42443000000000003,0.7679779999999999,0.405483551,1.218149414,0.489190063,0.70924054,0.660332275,0.8100092160000001,0.30521756,0.409785797,0.557803711,0.10018724799999999,0.619020142,0.06153051,0.394953094,0.049398994
0.42321800000000004,0.7804059999999999,0.40957995599999997,1.234604614,0.484482513,0.7218601680000001,0.656016846,0.822616699,0.306322632,0.412494232,0.558285645,0.099703568,0.619729858,0.061093628000000004,0.395394073,0.049253310999999994
0.422069,0.79391,0.413892578,1.252233154,0.47946627799999997,0.7357907709999999,0.651434692,0.836423401,0.308242523,0.41579775999999996,0.558598389,0.099174789,0.620337036,0.060635624,0.395760132,0.048883118
0.42100099999999996,0.808483,0.418395538,1.270977539,0.474148468,0.751036621,0.646600098,0.851403748,0.31113406400000004,0.419805573,0.558653137,0.098683739,0.62072467,0.060258243999999996,0.395976379,0.048263359
0.42003199999999996,0.824114,0.42306100500000005,1.290772339,0.46854422,0.767589966,0.64153302,0.867522644,0.315147278,0.42463879400000004,0.558362427,0.098340218,0.620764954,0.060096638,0.395963043,0.047391453
0.41918,0.840785,0.427859009,1.311543945,0.462676941,0.785429688,0.636259094,0.88473468,0.320412323,0.43042614700000004,0.5576480709999999,0.098281075,0.620327209,0.060319489,0.395642944,0.046294426
0.418462,0.858471,0.43275775099999997,1.333211426,0.456578796,0.8045197749999999,0.6308098139999999,0.902983765,0.327025848,0.437297638,0.5564482420000001,0.098668266,0.619290161,0.061126548999999995,0.39495101899999996,0.045034931
0.417896,0.87714,0.43772427399999997,1.355686035,0.450290222,0.824808167,0.625222412,0.922203613,0.335037384,0.445378021,0.554725952,0.099684959,0.617554016,0.062743305,0.393844421,0.043715130000000005
0.417495,0.896747,0.442724396,1.378872803,0.443859497,0.84622644,0.619538635,0.9423170169999999,0.344437683,0.45477920499999996,0.552475708,0.10152941900000001,0.615053223,0.065412758,0.392313324,0.042477722
0.417268,0.917237,0.447723694,1.402670166,0.437341614,0.868688904,0.613804871,0.963237,0.355150146,0.46559201,0.5497288210000001,0.104406937,0.611769348,0.069384407,0.390389923,0.041503525000000006
0.41721800000000003,0.938542,0.452687531,1.426971558,0.430797058,0.892093201,0.608070679,0.9848670039999999,0.36702606200000004,0.47787921099999997,0.546556335,0.108520103,0.607739502,0.074901009,0.388154846,0.041005276
0.417342,0.960579,0.457581879,1.451665894,0.424290375,0.9163211059999999,0.602387817,1.00710199,0.37984542800000004,0.491668884,0.54306897,0.114057808,0.603062439,0.082183876,0.38574032599999997,0.041217804000000004
0.41762900000000003,0.9832519999999999,0.462373718,1.476639038,0.417888031,0.941239685,0.596809387,1.02982959,0.393323608,0.50694931,0.5394129639999999,0.121183784,0.597898987,0.091417633,0.383327759,0.04238496
0.418056,1.00645,0.467031616,1.5017745359999999,0.411656769,0.966703369,0.5913883059999999,1.052931396,0.407122955,0.5236661380000001,0.535764038,0.130025482,0.592466431,0.102735596,0.381139557,0.044744366
0.418594,1.03005,0.47152621499999997,1.526955566,0.405661346,0.992556152,0.586175659,1.076285034,0.420871033,0.541721436,0.532316101,0.14066387900000002,0.58702771,0.116207062,0.379425842,0.048511063
0.419208,1.0539100000000001,0.475830505,1.552065308,0.399962738,1.018634338,0.581220337,1.099764771,0.434181427,0.560975403,0.529268738,0.15312545800000002,0.581874451,0.13182737700000002,0.378445557,0.05386161
0.419858,1.07789,0.479920593,1.57698877,0.39461618,1.0447701420000002,0.576566833,1.123244995,0.446678467,0.581250732,0.526813477,0.167376648,0.577305115,0.149512161,0.378444031,0.060920135
0.420507,1.1018299999999999,0.48377578699999996,1.6016147459999999,0.389669708,1.070794067,0.572254639,1.146600952,0.458021362,0.60233844,0.5251177370000001,0.183321518,0.573602478,0.169095718,0.379628754,0.069747643
0.421125,1.1255899999999999,0.48737890599999995,1.625835693,0.385162689,1.096539795,0.568317566,1.169710938,0.467927521,0.6240064700000001,0.524312317,0.200802963,0.571009033,0.190334869,0.382145905,0.08033568599999999
0.42168900000000004,1.14902,0.490716553,1.649549927,0.381124817,1.1218460689999998,0.564782288,1.19245813,0.476191101,0.6460084229999999,0.5244791259999999,0.219607635,0.569705444,0.212917206,0.386060791,0.092605057
0.422186,1.17197,0.493779297,1.672662842,0.377575897,1.1465606689999999,0.561668274,1.2147325439999999,0.48269674700000004,0.6680940550000001,0.525643677,0.239473938,0.569793457,0.236474152,0.39134371900000003,0.106409454
0.422617,1.1943199999999998,0.496561462,1.69508667,0.37452539100000004,1.170543213,0.558987671,1.2364316409999998,0.487425842,0.6900182499999999,0.527771362,0.260103149,0.571285645,0.26059762599999997,0.397864258,0.121543869
0.42299000000000003,1.21593,0.499061432,1.71674292,0.371972961,1.1936671140000001,0.556744873,1.25746228,0.490454987,0.711550354,0.5307686159999999,0.28117248499999997,0.574102112,0.284859131,0.40539505000000003,0.137756607
0.42332400000000003,1.23671,0.50128125,1.737561035,0.369908905,1.215822632,0.554937012,1.2777414550000001,0.49194717400000004,0.732481689,0.534489563,0.30234964000000003,0.578076111,0.308830719,0.413625061,0.154763824
0.42364100000000005,1.25656,0.503226685,1.757480347,0.368315399,1.2369163820000002,0.553554077,1.297196655,0.492135925,0.752631592,0.538745544,0.32330718999999997,0.5829677729999999,0.332105255,0.422181122,0.172265121
0.423968,1.27542,0.50490683,1.776450073,0.367167603,1.2568741460000001,0.552580017,1.3157662350000001,0.491304443,0.771850769,0.543319092,0.343736664,0.58848291,0.354315735,0.430656891,0.189958939
0.424327,1.29323,0.506333893,1.794427856,0.366435242,1.275639282,0.551993103,1.333399292,0.489761688,0.790023315,0.5479801639999999,0.36336096199999995,0.5942980959999999,0.37515145899999996,0.438644867,0.207556168
0.424739,1.30994,0.507522827,1.811381226,0.36608401500000004,1.293173096,0.5517671510000001,1.350055786,0.487817291,0.807066711,0.5525019529999999,0.381944061,0.6000859380000001,0.39437039199999996,0.44576947,0.22479158000000002
0.42521800000000004,1.3255299999999999,0.508491028,1.827286499,0.366077087,1.309453491,0.551872009,1.3657052,0.485758453,0.822929565,0.556676819,0.399297943,0.6055407709999999,0.41180676299999996,0.45171698,0.241432053
0.425771,1.33999,0.509257904,1.842127686,0.36637677,1.324473633,0.5522751459999999,1.3803260499999999,0.483830292,0.837588074,0.560329468,0.41528653000000004,0.610400757,0.427373566,0.456259552,0.257281708
0.426398,1.3533199999999999,0.509844788,1.855896484,0.366945374,1.3382402340000001,0.552941833,1.393904663,0.482221436,0.851042236,0.5633278199999999,0.42982583599999996,0.61446521,0.44105947900000003,0.459270721,0.272184052
0.427091,1.36553,0.510273865,1.8685908199999999,0.367746643,1.3507716060000001,0.553837158,1.4064350589999999,0.48105557299999996,0.86331012,0.5655888059999999,0.442881439,0.617605042,0.452921265,0.46073138399999997,0.28602123999999995
0.42784,1.37664,0.510568665,1.880214233,0.36874649,1.362094116,0.554925781,1.417915894,0.480390045,0.874423157,0.5670806270000001,0.454462769,0.619766235,0.463071838,0.460725708,0.298711761
0.42862900000000004,1.38666,0.510753021,1.890774048,0.369913208,1.372242065,0.556173218,1.42835144,0.48021994,0.8844209590000001,0.56782074,0.46461602799999996,0.620967041,0.471665253,0.459427887,0.31020623799999997
0.42944,1.39564,0.510851135,1.90028125,0.371218323,1.38125354,0.557546204,1.4377479249999998,0.480487732,0.893346741,0.567870056,0.47341497800000004,0.621288147,0.478880188,0.45708166499999997,0.32048291
0.430259,1.4035799999999998,0.510886902,1.908748413,0.372636078,1.389169312,0.559013367,1.446114746,0.481096252,0.901243347,0.567324829,0.480951569,0.6208594359999999,0.484903076,0.45397503699999997,0.329542389
0.431072,1.41053,0.510883942,1.916189087,0.374143616,1.396030396,0.5605455930000001,1.453462036,0.481924042,0.9081503910000001,0.5663050540000001,0.487326508,0.6198436279999999,0.489912201,0.450412598,0.337403137
0.43187000000000003,1.41649,0.510864868,1.9226160890000001,0.37572048999999996,1.401876709,0.562116089,1.459799194,0.482840424,0.914101807,0.5649439089999999,0.49264041099999994,0.618417969,0.494064545,0.44668927,0.344096741
0.43265,1.42149,0.510851501,1.928041748,0.377348511,1.406744873,0.563700562,1.465135742,0.48371997099999997,0.9191245730000001,0.5633757930000001,0.496986664,0.616758606,0.497485168,0.443066864,0.349664276
0.43341399999999997,1.42554,0.510864136,1.932475342,0.379010895,1.410668091,0.5652772220000001,1.469479248,0.48445413200000004,0.923238281,0.5617257080000001,0.500445496,0.615025024,0.500261261,0.439755646,0.354152496
0.434166,1.4286500000000002,0.510921539,1.935923828,0.38069216899999997,1.413674194,0.5668273319999999,1.472834961,0.48495977799999995,0.926455322,0.560100891,0.503079834,0.613349731,0.502439453,0.43690267899999996,0.357611389
0.43491199999999997,1.4308299999999998,0.5110405579999999,1.9383903809999998,0.382377777,1.415785522,0.568334534,1.475205688,0.485183807,0.92878125,0.558583496,0.5049333500000001,0.611829956,0.5040276180000001,0.43458648699999997,0.36009094199999997
0.43565699999999996,1.43208,0.511236084,1.93987439,0.384053711,1.417018066,0.5697849730000001,1.476591187,0.485104736,0.930216431,0.5572271120000001,0.506029785,0.610524414,0.504999146,0.432818268,0.36163879400000004
0.436406,1.4324100000000002,0.511520325,1.940371094,0.385706543,1.417380737,0.571168091,1.476988281,0.484730591,0.930756653,0.556054626,0.506373535,0.609453491,0.505300537,0.431548553,0.36229769900000003
0.437156,1.43181,0.511903229,1.939871704,0.387323456,1.4168762209999999,0.5724753419999999,1.476390259,0.484094879,0.9303947140000001,0.555059509,0.505951996,0.60860199,0.504859375,0.430678497,0.362102783
0.437905,1.43028,0.512391785,1.938363525,0.388892487,1.4155,0.573701233,1.474787231,0.48325048800000003,0.929121521,0.554208496,0.504737793,0.607924805,0.503593933,0.430073273,0.361078979
0.438644,1.42781,0.512990173,1.935830688,0.39040273999999997,1.413240967,0.574843079,1.47216626,0.482263214,0.926926453,0.553447144,0.502691559,0.60735437,0.501421204,0.429577667,0.359238373
0.439365,1.42439,0.513699341,1.932254395,0.39184506199999997,1.4100814210000001,0.575901123,1.4685126949999998,0.481205109,0.923797974,0.5527052,0.499765289,0.606807922,0.498264526,0.429031067,0.356578094
0.44005900000000003,1.41999,0.514516968,1.927614502,0.393212555,1.405997437,0.576878601,1.46380835,0.480148499,0.919723328,0.5519049680000001,0.49590451,0.6061965330000001,0.494058228,0.428281464,0.353078125
0.44071899999999997,1.4145999999999999,0.515437378,1.9218891599999999,0.39450106799999995,1.4009597169999999,0.5777818600000001,1.458034912,0.47916098,0.914688171,0.550968079,0.491051178,0.605432251,0.48875106799999996,0.427197357,0.348701019
0.44134500000000004,1.4082000000000001,0.516451538,1.915057373,0.395709991,1.3949350589999998,0.578620117,1.451173096,0.47830154399999997,0.908675415,0.549823364,0.485145721,0.604436218,0.482306702,0.42567767300000003,0.343391998
0.441941,1.40075,0.517547302,1.907100342,0.39684259,1.387885742,0.579406311,1.443204102,0.477617767,0.901664856,0.548414673,0.47812912,0.603144958,0.474702454,0.42365811200000003,0.33708126800000004
0.442514,1.39222,0.518709106,1.898001465,0.397906708,1.3797725829999998,0.5801561279999999,1.434111084,0.47714401199999995,0.893631897,0.5467062989999999,0.46994509900000003,0.6015160519999999,0.4659263,0.42111514299999997,0.329688385
0.443077,1.38259,0.519918274,1.8877491460000002,0.398914917,1.37055603,0.580888245,1.423880859,0.47690033,0.884547424,0.544689026,0.460542328,0.5995332029999999,0.45597299199999997,0.418067078,0.321128723
0.44364600000000004,1.37182,0.5211531979999999,1.876338013,0.399884521,1.3601976320000002,0.581624207,1.412503784,0.476891846,0.874378479,0.542382629,0.449877228,0.597209473,0.444840302,0.41457254,0.31132196
0.44423599999999996,1.3599100000000002,0.5223900149999999,1.86377002,0.400837708,1.348663574,0.582387878,1.3999779049999999,0.477108063,0.8630894170000001,0.5398383179999999,0.437917328,0.594589661,0.432525726,0.41072650099999997,0.30020266700000003
0.444861,1.34682,0.523602478,1.8500556639999999,0.401801147,1.3359251710000002,0.583204895,1.3863084719999998,0.47752243,0.850644592,0.537137512,0.424645264,0.591750977,0.41902459700000005,0.40665451,0.28773184199999996
0.445536,1.33256,0.524762878,1.8352166749999999,0.40280520599999997,1.321963501,0.584102478,1.37151001,0.47809191900000003,0.837011902,0.534389526,0.41006347699999995,0.588801941,0.40433078,0.402504761,0.273908905
0.446272,1.3171400000000002,0.525842041,1.81928479,0.403883392,1.30677063,0.585108215,1.355609131,0.478756683,0.8221682130000001,0.531726501,0.39419873,0.585878296,0.388439575,0.39843942299999996,0.258782532
0.447075,1.30056,0.52681073,1.802304688,0.40507132,1.2903526609999998,0.586249695,1.338644531,0.479440094,0.806105286,0.529295959,0.37710778800000005,0.583137939,0.37135287499999997,0.39462463400000003,0.242459671
0.447947,1.28288,0.527639404,1.784333862,0.40640512100000004,1.2727327880000001,0.587553467,1.320668091,0.480049377,0.7888359380000001,0.527252747,0.358881348,0.580752014,0.35308764600000003,0.391220032,0.225110489
0.44888799999999995,1.2641300000000002,0.5282994999999999,1.7654426269999999,0.40792038,1.2539517820000001,0.5890438840000001,1.3017470699999998,0.480477386,0.770400452,0.525747925,0.33964804099999996,0.578895386,0.333684631,0.388369171,0.20696928399999998
0.44989100000000004,1.2444000000000002,0.528764282,1.745714844,0.409650604,1.234072144,0.590742615,1.281963623,0.480605347,0.750873474,0.524919067,0.319576233,0.577733887,0.313219055,0.386189972,0.18832960499999998
0.450945,1.22379,0.5290088500000001,1.725247437,0.411625366,1.2131767580000001,0.592667419,1.261414429,0.480307281,0.730367249,0.524878967,0.298874329,0.57741156,0.291809814,0.384767242,0.169533905
0.452035,1.2024000000000001,0.529011475,1.7041495359999999,0.41386908,1.1913710940000002,0.594831421,1.2402114260000001,0.479455627,0.7090354,0.525706604,0.277787842,0.578038818,0.269626953,0.38414675899999995,0.15095794699999998
0.45314299999999996,1.1803800000000002,0.528754089,1.682542114,0.41639941399999997,1.168782349,0.5972423099999999,1.2184810789999998,0.47792810100000005,0.687072266,0.527439087,0.256594269,0.5796803589999999,0.246895493,0.384332458,0.132990738
0.454247,1.15788,0.528222778,1.66055603,0.419226105,1.1455584719999998,0.599901672,1.196361206,0.475615601,0.66471051,0.530067139,0.23559509299999998,0.582347717,0.223894974,0.385285919,0.116012108
0.455325,1.13509,0.5274085690000001,1.638331787,0.422349731,1.121866333,0.602804626,1.174001221,0.47243017600000003,0.642214905,0.533533264,0.215104721,0.585993835,0.200953354,0.386929352,0.100369247
0.456352,1.1122,0.526307373,1.6160157469999998,0.425760956,1.097888672,0.6059392699999999,1.151559326,0.468312836,0.619873169,0.537733521,0.19543811,0.5905138550000001,0.17843536399999999,0.389151093,0.086354767
0.457305,1.0894000000000001,0.524920959,1.5937603759999999,0.429440277,1.073821533,0.609286987,1.129199585,0.46323999,0.597985229,0.542522705,0.176896729,0.5957499390000001,0.156726013,0.39181347699999997,0.07418857599999999
0.45816199999999996,1.06691,0.523256531,1.5717198490000002,0.43335791,1.049869629,0.6128220209999999,1.1070889890000002,0.457228424,0.5768494869999999,0.547723755,0.159754089,0.6015005489999999,0.136209885,0.394762817,0.06400488300000001
0.458904,1.0449300000000001,0.5213273319999999,1.550049927,0.43747406,1.026242065,0.616512512,1.085395508,0.450337067,0.556748962,0.553138367,0.144242477,0.607534973,0.117248283,0.39783993500000003,0.055846138000000003
0.459518,1.02366,0.5191517330000001,1.52890332,0.441739777,1.003147461,0.620320557,1.0642829589999998,0.442666779,0.537937805,0.558560059,0.13054126,0.61360907,0.100156357,0.400890961,0.049663970999999994
0.459994,1.00329,0.516753906,1.5084296879999999,0.446097961,0.980789673,0.624203064,1.043910767,0.43435641500000005,0.520628784,0.563787781,0.11876811999999999,0.619483643,0.085182388,0.403777222,0.045327171
0.46032999999999996,0.9839880000000001,0.514162842,1.488770996,0.45048510700000005,0.959362122,0.628113037,1.024427612,0.425576202,0.504983551,0.568638367,0.108973824,0.624940735,0.07249133299999999,0.406383179,0.042635620000000006
0.460528,0.9658909999999999,0.511411835,1.470060913,0.454832855,0.939044373,0.632,1.005971924,0.416518585,0.49110611,0.57295813,0.101141235,0.629798584,0.06215456,0.408622498,0.041338551
0.460596,0.94912,0.508538116,1.452422241,0.45907016,0.919996948,0.6358120119999999,0.9886668089999999,0.407387512,0.47904007000000004,0.576630615,0.09518832399999999,0.633922913,0.054146693999999995,0.41044064300000005,0.041155357000000004
0.460546,0.933768,0.505581726,1.43596521,0.463125336,0.902359253,0.639496521,0.972619751,0.398386841,0.468769592,0.579582214,0.09097514300000001,0.637233032,0.048349953,0.411815582,0.041796619
0.460393,0.919899,0.502585052,1.4207854,0.466928497,0.88624585,0.643001587,0.957920044,0.389708954,0.46022464,0.5817836909999999,0.088314087,0.639703186,0.044565414,0.412755005,0.042983727
0.46015300000000003,0.907548,0.499591583,1.406963867,0.47041336100000003,0.871745605,0.6462774050000001,0.944637878,0.381524902,0.45328866599999995,0.5832484130000001,0.08698258199999999,0.641359741,0.042529938,0.41329238900000004,0.044465176
0.459845,0.896725,0.496645111,1.394564331,0.473519501,0.858920166,0.6492777710000001,0.932824158,0.373976013,0.447809662,0.584027344,0.08673716000000001,0.642273438,0.041937004,0.413480469,0.046028774
0.459484,0.88742,0.493788971,1.383634277,0.476194122,0.8478043820000001,0.651960388,0.922509766,0.367169128,0.44361142000000003,0.584202026,0.08732770499999999,0.6425488279999999,0.042459248000000005,0.413384888,0.0475089
0.459086,0.8796,0.491064758,1.374204102,0.47839358499999995,0.838407104,0.6542885740000001,0.9137066650000001,0.36117394999999997,0.44050647,0.583876038,0.088510864,0.6423127439999999,0.043770541999999996,0.413077271,0.048789051
0.458661,0.8732179999999999,0.48851178,1.366287354,0.480084351,0.8307126459999999,0.656232239,0.9064078369999999,0.35602383400000004,0.438307556,0.5831650389999999,0.090061821,0.6417018430000001,0.04556583,0.412628815,0.049800076
0.458218,0.868216,0.486166199,1.3598802490000002,0.48124411,0.824683105,0.657767334,0.9005894170000001,0.351719269,0.436837952,0.582188538,0.091783485,0.640850769,0.047576988,0.412105225,0.050514942
0.457763,0.864529,0.48406030299999997,1.354963989,0.481861572,0.820261353,0.658877869,0.8962117919999999,0.34823312399999995,0.435939911,0.581061035,0.093512985,0.6398829960000001,0.049584003,0.41156286599999997,0.050941093
0.457298,0.862084,0.482221893,1.351504639,0.481936798,0.817373535,0.6595545039999999,0.893221436,0.34551773100000005,0.435480408,0.579885132,0.09512496899999999,0.638903259,0.051420887,0.41104608200000003,0.05111153
0.456824,0.860808,0.48067404199999997,1.3494545900000001,0.481480682,0.815932678,0.659795715,0.89155304,0.34351171900000005,0.43535470600000004,0.578747314,0.096532295,0.6379935299999999,0.052976696,0.410586639,0.051075626
0.45634199999999997,0.8606269999999999,0.47943444799999996,1.348753784,0.480513794,0.815842224,0.659606689,0.891131409,0.342147614,0.435486816,0.577714661,0.097684067,0.637210815,0.054192326,0.410203613,0.050890594
0.45585000000000003,0.861465,0.478515686,1.3493317870000001,0.479065552,0.816998596,0.658999695,0.891873657,0.341357819,0.43582870500000004,0.5768336789999999,0.098561737,0.636588135,0.055053894,0.409904938,0.050614208
0.455347,0.86325,0.477924774,1.351108154,0.477172607,0.819294495,0.657992493,0.893691223,0.341079498,0.43635693400000003,0.576130676,0.099173805,0.636136963,0.055584049,0.40968908699999995,0.050299187
0.454832,0.8659070000000001,0.477663605,1.3539957280000001,0.474877533,0.822621643,0.656608521,0.896491943,0.34125820900000003,0.43706845099999997,0.57561438,0.099549828,0.6358506469999999,0.055832291,0.409547668,0.049989403
0.454304,0.869364,0.477728943,1.3579005130000001,0.472226898,0.826872437,0.65487561,0.900181152,0.341849304,0.437975861,0.5752782590000001,0.099734085,0.635709534,0.055865226999999996,0.409467377,0.0497178
0.45376299999999997,0.873549,0.47811291499999997,1.362724487,0.46926986699999995,0.831942139,0.6528251340000001,0.9046643679999999,0.34281845099999997,0.439101807,0.575103821,0.099779587,0.635684692,0.055757793,0.40943246499999997,0.049505886
0.45321,0.878389,0.478803253,1.3683668210000002,0.466056427,0.837730286,0.650490906,0.9098472900000001,0.34414035000000004,0.440474335,0.5750646970000001,0.099742836,0.6357428589999999,0.055585780999999994,0.40942663599999995,0.049364372000000004
0.45264699999999997,0.883813,0.479784027,1.374724976,0.462636108,0.8441410519999999,0.64790863,0.915637817,0.345796997,0.442122009,0.5751295169999999,0.099679321,0.635849609,0.055420132000000004,0.409434235,0.049294724000000005
0.452077,0.889749,0.481036041,1.381696289,0.45905639600000003,0.8510844120000001,0.645114868,0.921946655,0.34777529900000004,0.44407025099999997,0.5752651980000001,0.09964005299999999,0.635972473,0.055323009,0.409441559,0.049291149
0.451502,0.896125,0.482537323,1.389178833,0.455361969,0.858475464,0.6421461789999999,0.9286875609999999,0.350064301,0.446338318,0.5754396359999999,0.09966921999999999,0.636082764,0.055345492999999996,0.409437347,0.049342758
0.450928,0.902873,0.484263947,1.397072876,0.45159353599999996,0.866234741,0.63903833,0.935778259,0.352653137,0.448937378,0.575623474,0.099802681,0.636156616,0.055526669,0.40941308600000004,0.049435726
0.450357,0.9099210000000001,0.486190613,1.405281372,0.447787598,0.87428772,0.635825745,0.943140259,0.35552887,0.451868988,0.5757913210000001,0.100067261,0.636175659,0.055893749,0.409363007,0.049555092
0.449795,0.9172039999999999,0.488290863,1.413710815,0.443975677,0.8825642699999999,0.632541199,0.950698914,0.358675354,0.455124725,0.575922729,0.10048072100000001,0.6361268919999999,0.056462864,0.40928369099999995,0.049686306
0.44924400000000003,0.9246559999999999,0.490538239,1.422272095,0.440184692,0.890997803,0.629215088,0.9583836059999999,0.362072662,0.458686615,0.576002747,0.101052193,0.636002441,0.057240303,0.409174072,0.049816292
0.44870699999999997,0.932213,0.492906097,1.430880249,0.43643658399999996,0.899524963,0.6258753659999999,0.966127319,0.36569696,0.46252743500000004,0.576021301,0.101782867,0.6357990109999999,0.058223739999999996,0.409034851,0.0499342
0.448189,0.939813,0.49536853000000003,1.4394560550000002,0.432749054,0.908084778,0.622547302,0.973866943,0.36952127100000004,0.466612122,0.575973572,0.102666832,0.635517029,0.0594035,0.408868042,0.050031769
0.44769099999999995,0.9473959999999999,0.497900696,1.447925171,0.429135742,0.91661792,0.619253784,0.981542114,0.373516174,0.47089907799999997,0.57585907,0.10369201700000001,0.6351604,0.060763565,0.408676819,0.050103416000000005
0.447215,0.954905,0.50047879,1.45621875,0.425606812,0.925066956,0.616014832,0.989095947,0.37765145899999997,0.47534130900000005,0.575681702,0.104841057,0.6347359619999999,0.062282383000000004,0.408465363,0.050146091
0.44676299999999997,0.962285,0.503080658,1.464273438,0.42216986100000004,0.93337561,0.6128480829999999,0.996474426,0.381897217,0.47988836700000004,0.575448425,0.10609214,0.634252869,0.063933483,0.40823822,0.050159046
0.446338,0.969481,0.505685913,1.472032227,0.41883023100000005,0.941488892,0.609769104,1.003626587,0.386225037,0.484487549,0.5751699220000001,0.10741972400000001,0.633722534,0.06568594400000001,0.40800082400000004,0.050143433
0.445942,0.976444,0.50827594,1.479443115,0.415592072,0.949353271,0.6067911380000001,1.01050415,0.39060928300000003,0.489085144,0.574859009,0.10879528000000001,0.633158447,0.067504799,0.40775875899999997,0.050101921
0.445577,0.983125,0.5108339230000001,1.486460449,0.41245864899999996,0.956916809,0.603926025,1.0170615840000001,0.395027466,0.49362793,0.574530945,0.11018795,0.632575378,0.069351517,0.40751831099999997,0.050038261
0.445247,0.989479,0.513345154,1.493044067,0.409433258,0.964129822,0.601183594,1.023256897,0.399460449,0.498063995,0.574202576,0.111565224,0.63198999,0.071184509,0.407285858,0.049956909
0.444956,0.995462,0.515796814,1.499159912,0.406519379,0.97094519,0.5985731200000001,1.029050781,0.403892334,0.502343597,0.573892029,0.112893623,0.631419739,0.072959854,0.407068268,0.049862656
0.444707,1.00104,0.5181779169999999,1.504779907,0.403721436,0.977319153,0.596102234,1.034408081,0.408309875,0.506419891,0.573618042,0.11413954200000001,0.6308826900000001,0.074632256,0.406872589,0.049760315
0.44450599999999996,1.00617,0.520479248,1.509881592,0.401044586,0.9832122799999999,0.593778137,1.039297485,0.412700958,0.5102495420000001,0.573399353,0.115269943,0.630397156,0.07615615099999999,0.406705841,0.049654472
0.444356,1.0108300000000001,0.522693481,1.5144483640000002,0.3984953,0.988589417,0.591606934,1.0436912839999999,0.417053711,0.5137929689999999,0.57325415,0.11625338,0.629980713,0.07748706799999999,0.406574829,0.049549286000000005
0.44426299999999996,1.015,0.524814636,1.518469971,0.396081177,0.993421204,0.589594238,1.0475677490000002,0.421354614,0.517014832,0.573199158,0.117060936,0.629650208,0.07858311500000001,0.406486084,0.049448360000000004
0.444229,1.01864,0.5268386839999999,1.521941162,0.39381073,0.997684326,0.587745239,1.0509094239999999,0.425587372,0.519884155,0.573248779,0.11766713,0.629420105,0.07940664700000001,0.40644543499999997,0.049354637
0.444258,1.02176,0.528762573,1.524863525,0.391693237,1.001362305,0.586064026,1.053704712,0.429731201,0.522374817,0.573414673,0.118050964,0.62930249,0.079925903,0.406457672,0.049270386
0.44435,1.02434,0.530584961,1.5272436520000001,0.38973843399999997,1.0044460450000001,0.584554382,1.055948608,0.433759888,0.5244655149999999,0.573704529,0.118196838,0.629306335,0.080116623,0.406526184,0.049197159
0.444504,1.02638,0.532305359,1.5290942379999999,0.38795599399999997,1.006933594,0.583218628,1.0576418459999999,0.437641449,0.526140381,0.574121887,0.118095314,0.629436462,0.07996352400000001,0.406652954,0.049135876
0.444718,1.0278900000000002,0.533924866,1.530433105,0.38635498,1.0088311159999999,0.582058533,1.0587917480000002,0.441337677,0.5273893430000001,0.574665405,0.117743813,0.629693726,0.079461517,0.40683804300000004,0.049086807
0.444988,1.02888,0.535445251,1.531283447,0.384943451,1.010152832,0.5810744019999999,1.05941272,0.44480514499999996,0.5282083129999999,0.5753289180000001,0.11714695,0.630074829,0.078616539,0.40707962,0.049049698
0.445307,1.02937,0.5368694460000001,1.531673706,0.383727966,1.010920654,0.5802651369999999,1.059525757,0.44799636800000003,0.528599731,0.576101135,0.11631675,0.6305713500000001,0.077445969,0.407373718,0.049023773
0.445668,1.0293800000000002,0.538201355,1.5316362300000002,0.382712677,1.011164185,0.57962793,1.059158203,0.450861725,0.528573059,0.576966125,0.115272446,0.631171326,0.07597849999999999,0.40771456899999997,0.049007851000000005
0.446061,1.02895,0.539445251,1.53120813,0.381899475,1.010919922,0.579158508,1.0583442379999999,0.453351746,0.528144775,0.577904053,0.11403999299999999,0.631858643,0.074253349,0.408094421,0.049000416
0.446478,1.0281,0.5406068119999999,1.53042981,0.38128692599999997,1.0102313840000001,0.5788502200000001,1.057124023,0.45542041,0.5273391719999999,0.578891724,0.11265122200000001,0.632614075,0.072318977,0.408503937,0.048999676
0.446907,1.02689,0.541691772,1.529344971,0.380870483,1.009147644,0.578694824,1.055542847,0.45702786300000003,0.526187561,0.579903992,0.11114273799999999,0.633416382,0.07023114800000001,0.40893273900000005,0.049003658
0.44733999999999996,1.0253599999999998,0.5427066650000001,1.5279991460000002,0.38064215100000004,1.007722961,0.578682007,1.053651001,0.45814389,0.524728516,0.580914551,0.109554497,0.634242737,0.068050507,0.409369598,0.049010323
0.44776699999999997,1.02357,0.5436585690000001,1.526440308,0.380590271,1.006015747,0.578799744,1.051502319,0.458750763,0.523007629,0.5818977049999999,0.10792826100000001,0.6350701289999999,0.065839821,0.409803162,0.049017635
0.448181,1.02156,0.5445545039999999,1.524716553,0.380699799,1.004087219,0.579033691,1.049154541,0.458845795,0.521075867,0.582829102,0.106305809,0.63587677,0.06366103,0.410222382,0.049023685
0.44857600000000003,1.01939,0.545402039,1.5228763429999999,0.38095257600000004,1.002000549,0.579368408,1.046666138,0.45844320699999996,0.5189890749999999,0.5836875,0.104727325,0.636642517,0.061572277,0.410617188,0.049026775
0.44895,1.01713,0.5462087400000001,1.520968018,0.381327606,0.9998193360000001,0.579786987,1.0440972899999998,0.457575226,0.516806702,0.5844552,0.10322975200000001,0.637350037,0.059625168,0.41097879,0.049025523999999994
0.44930200000000003,1.01482,0.5469820559999999,1.519037476,0.381801636,0.997606445,0.580271484,1.041507324,0.456291901,0.5145897220000001,0.585119324,0.10184536,0.637985535,0.057862507,0.41130026199999997,0.049018917
0.44963099999999995,1.01254,0.547729065,1.517128784,0.38234982300000003,0.995422913,0.580803467,1.038954102,0.454660339,0.5123992919999999,0.585671814,0.100600685,0.638539124,0.056316593,0.41157672100000003,0.049006371
0.449942,1.01033,0.548456848,1.5152833250000002,0.382946411,0.9933261720000001,0.581364075,1.0364926760000002,0.45276208500000004,0.510295105,0.586110046,0.099515671,0.639005249,0.055008312,0.41180535900000004,0.04898774
0.45024000000000003,1.00824,0.549171875,1.513538086,0.38356552099999996,0.991369446,0.581935242,1.03417395,0.45069043,0.5083331600000001,0.586436035,0.09860340100000001,0.639382141,0.053946959999999995,0.411985657,0.048963299
0.450531,1.00632,0.5498797,1.5119263920000001,0.38418209799999997,0.989600037,0.5824990840000001,1.032043823,0.448545929,0.506564484,0.586656372,0.09787006399999999,0.639671875,0.053130894,0.41211910999999996,0.048933708000000006
0.450822,1.00462,0.5505855709999999,1.5104761960000002,0.384772522,0.988058899,0.58303949,1.030142456,0.44643212899999996,0.505033722,0.586781433,0.09731538399999999,0.639879456,0.052548843,0.412208923,0.048899929
0.451122,1.00315,0.551293823,1.5092105710000001,0.385315582,0.986779236,0.583541565,1.028502563,0.44445068400000004,0.503777618,0.586824341,0.096933281,0.640012817,0.052181731999999995,0.412259674,0.048863171000000004
0.45143700000000003,1.00196,0.5520078740000001,1.5081472169999999,0.38579296900000004,0.985786133,0.583992859,1.0271499020000001,0.442696198,0.502824005,0.5868001709999999,0.09671286000000001,0.6400809329999999,0.052004837000000005,0.41227682499999996,0.048824741000000005
0.451775,1.0010599999999998,0.552730042,1.507297852,0.386190094,0.985095947,0.5843829960000001,1.026102051,0.44125204500000004,0.502191437,0.586724609,0.09663938899999999,0.640094116,0.051990055,0.412266479,0.048786025999999996
0.45214,1.00045,0.553462036,1.506668945,0.386496246,0.9847165529999999,0.584704651,1.025368408,0.440186737,0.5018883359999999,0.586613403,0.096695496,0.6400625609999999,0.052108024999999995,0.412234772,0.048748356
0.452538,1.0001499999999999,0.5542042850000001,1.506261108,0.38670519999999997,0.984646362,0.5849528199999999,1.024950317,0.43955072,0.5019133610000001,0.586481628,0.09686212899999999,0.63999646,0.052329932999999995,0.41218756100000004,0.048712975
0.452971,1.00013,0.554956787,1.506069946,0.386815063,0.9848759159999999,0.585125977,1.024840454,0.439375244,0.50225531,0.58634259,0.097119453,0.639904907,0.052628918,0.412130219,0.048680999999999995
0.45343900000000004,1.00038,0.5557183840000001,1.5060858149999998,0.38682843,0.985387146,0.5852251589999999,1.025025024,0.439671478,0.502893616,0.5862078249999999,0.097447594,0.639796143,0.05298093,0.41206735200000005,0.048653365999999997
0.453942,1.00089,0.556487183,1.506295288,0.386751984,0.9861551510000001,0.585254272,1.025482178,0.44043154900000003,0.503799255,0.586086731,0.097827194,0.6396770629999999,0.053365086,0.41200289900000003,0.048630871
0.454476,1.00163,0.557261047,1.506680664,0.386596222,0.98714856,0.585219727,1.026185181,0.441630005,0.504935791,0.585986938,0.098239693,0.639553589,0.053763615,0.411940094,0.048614117
0.45504,1.00255,0.558037231,1.507220825,0.386375,0.9883311159999999,0.585130493,1.027101196,0.44322668499999995,0.506260681,0.585913635,0.098667519,0.6394310910000001,0.05416143,0.41188140900000003,0.048603573
0.455628,1.00363,0.558812683,1.507892944,0.386104706,0.989662781,0.584997375,1.028193848,0.445170074,0.507726624,0.58587085,0.09909420000000001,0.639313904,0.054545563,0.41182901,0.048599513999999996
0.456237,1.0048300000000001,0.5595843509999999,1.508671997,0.38580365,0.991101013,0.5848324579999999,1.0294239500000002,0.44740036,0.5092836,0.58586084,0.099504395,0.6392058110000001,0.054904525999999995,0.411784576,0.048602085
0.45686200000000005,1.0061,0.560349487,1.50953186,0.385491272,0.992602661,0.584649109,1.030751465,0.449853485,0.510880524,0.5858850099999999,0.099883934,0.6391106569999999,0.055227818,0.411749542,0.048611256
0.45749900000000004,1.00741,0.561105164,1.510446411,0.38518743899999996,0.9941252439999999,0.584461182,1.032135254,0.452464355,0.5124672849999999,0.585943604,0.10021991699999999,0.639031738,0.055505604,0.41172525000000004,0.048626812
0.45814499999999997,1.00871,0.561849426,1.511390381,0.384911469,0.995628235,0.584282776,1.0335360109999998,0.455169861,0.51399646,0.5860363160000001,0.10050089300000001,0.638972229,0.055728699,0.411712982,0.048648345999999995
0.458798,1.00998,0.5625803220000001,1.512339111,0.384681641,0.997074402,0.584127258,1.034916016,0.457911346,0.5154255369999999,0.586162415,0.10071711,0.638934814,0.055888817,0.41171380599999996,0.048675251
0.45945600000000003,1.01117,0.5632971800000001,1.5132698969999998,0.384514282,0.998431396,0.584007324,1.0362416989999998,0.460636414,0.5167183230000001,0.586320251,0.10086090900000001,0.638921753,0.055978985,0.411728638,0.048706730000000004
0.46012000000000003,1.01226,0.563999573,1.5141624759999999,0.384423401,0.999671631,0.58393457,1.03748291,0.463300171,0.5178463130000001,0.586507996,0.10092701,0.638934509,0.055994205,0.411758301,0.048741806
0.460789,1.01322,0.564688293,1.514999268,0.384420349,1.000774048,0.5839185179999999,1.038614502,0.465865967,0.518789734,0.586722534,0.10091288799999999,0.638973694,0.055932064,0.411802856,0.048779377
0.46146499999999996,1.01404,0.5653646240000001,1.515765381,0.384513184,1.001723877,0.583967224,1.0396173100000001,0.468305389,0.519538147,0.5869607539999999,0.100819069,0.639038818,0.055793259,0.411862061,0.048818249
0.462148,1.01471,0.566030945,1.516449829,0.384706818,1.0025131840000001,0.584086548,1.0404772949999999,0.470598053,0.520090698,0.587218201,0.1006492,0.6391281129999999,0.055581959,0.411934967,0.048857258
0.462838,1.01522,0.5666901249999999,1.517044067,0.38500295999999995,1.003140076,0.5842801510000001,1.041186279,0.472731293,0.520455322,0.58748999,0.100410042,0.639238586,0.055305847,0.41202002,0.048895306
0.463538,1.01557,0.5673459470000001,1.517543335,0.385400085,1.003609314,0.5845494999999999,1.041742065,0.474699188,0.52064801,0.587770447,0.100111244,0.639366516,0.054975864,0.412115021,0.048931514999999995
0.464246,1.01577,0.568002563,1.517945923,0.385893738,1.003930664,0.5848939820000001,1.042147583,0.476502167,0.52069165,0.588053711,0.099764854,0.6395070190000001,0.05460561,0.412217041,0.048965252
0.464963,1.01584,0.5686645509999999,1.518252808,0.38647686800000003,1.004118652,0.5853110349999999,1.042410645,0.47814602700000003,0.520614075,0.588333496,0.099384689,0.639654724,0.054210509999999996,0.412322968,0.048996235
0.465687,1.01579,0.56933667,1.518468262,0.387140381,1.0041916499999999,0.5857962649999999,1.0425432129999999,0.479641235,0.5204465330000001,0.5886037599999999,0.098985596,0.6398041990000001,0.053806731999999996,0.41242926,0.049024559
0.466418,1.01563,0.57002356,1.5185979,0.38787332199999996,1.00417041,0.586343445,1.0425604249999998,0.481002441,0.5202215579999999,0.588859009,0.098582626,0.639950073,0.053410136999999996,0.412532593,0.049050694
0.46715300000000004,1.0154,0.57072998,1.518650024,0.388663605,1.004077576,0.586945679,1.0424810789999999,0.482247803,0.5199707640000001,0.589094604,0.098190063,0.640087769,0.053035145,0.41262973,0.049075436
0.467891,1.01511,0.5714600830000001,1.518634155,0.389498535,1.003935791,0.587594604,1.042324463,0.48339801,0.5197236940000001,0.5893067630000001,0.09782073200000001,0.6402133790000001,0.052693832,0.412717957,0.049099873
0.46863099999999996,1.01478,0.572217773,1.518560791,0.390365112,1.003767639,0.588281555,1.042111328,0.484476074,0.519505981,0.589493408,0.09748525999999999,0.64032373,0.052395237000000004,0.41279528800000004,0.049125259
0.469371,1.01445,0.5730061040000001,1.518440918,0.391250885,1.003593323,0.58899762,1.041862427,0.485506134,0.51933844,0.589653381,0.097191605,0.640417419,0.052144974,0.412860352,0.049152897
0.47011000000000003,1.01412,0.5738273319999999,1.5182860109999998,0.392143951,1.003431824,0.589733704,1.041597534,0.486512787,0.5192361449999999,0.589787231,0.096944748,0.640493591,0.051945141,0.412912842,0.049184036
0.47084899999999996,1.0138099999999999,0.574682861,1.518107056,0.39303372200000003,1.003298279,0.590481384,1.041335205,0.487520111,0.519208923,0.589896912,0.096746651,0.6405526730000001,0.051794529,0.412953033,0.049219746
0.471587,1.01355,0.575573059,1.517914551,0.393910889,1.003205078,0.5912326050000001,1.0410919189999999,0.488550568,0.519260376,0.589985229,0.09659640500000001,0.640596191,0.051689083,0.412982056,0.049260853
0.472324,1.01333,0.5764976199999999,1.517718262,0.394767853,1.003160828,0.591980225,1.0408815919999999,0.489624146,0.5193893430000001,0.59005603,0.096490562,0.640626038,0.051622585,0.413001556,0.049307842
0.47306099999999995,1.01316,0.577454834,1.517526978,0.395598724,1.003170593,0.592718018,1.0407152100000001,0.490757416,0.519590271,0.590113464,0.09642363699999999,0.640644592,0.051587341,0.413013733,0.049360905000000004
0.473797,1.0130599999999998,0.578442078,1.5173476559999999,0.396399536,1.003236145,0.593440918,1.0406011960000001,0.49196252399999996,0.519854065,0.590161987,0.096388718,0.6406546630000001,0.051575035,0.413020752,0.049419933
0.474531,1.01301,0.579456238,1.5171868899999998,0.397167847,1.003355957,0.594144958,1.040544678,0.493246857,0.520169495,0.590205872,0.096378067,0.640658936,0.051577366,0.41302505500000003,0.049484596000000006
0.475264,1.01302,0.580492981,1.5170485839999999,0.39790301499999997,1.0035258790000001,0.5948272090000001,1.040547485,0.494612549,0.520523682,0.5902490229999999,0.09638371999999999,0.640659668,0.051586731000000004,0.413028625,0.04955444
0.475992,1.01308,0.5815474239999999,1.516936401,0.398605865,1.003739624,0.5954860230000001,1.040609741,0.49605645800000003,0.520903259,0.590294678,0.096398079,0.640659302,0.051596634,0.413033325,0.049629005
0.476713,1.01319,0.582614441,1.516851929,0.39927832,1.0039891969999999,0.596120667,1.040728149,0.49757052599999996,0.5212955930000001,0.590345276,0.096414352,0.640659363,0.051601970999999996,0.413040558,0.04970792
0.47742399999999996,1.0133400000000001,0.5836881100000001,1.5167955320000002,0.39992334,1.004265808,0.5967311399999999,1.0408977050000001,0.49914211999999997,0.5216889650000001,0.5904024050000001,0.096426888,0.640661621,0.051599213,0.413051178,0.049791012
0.47812099999999996,1.01353,0.5847626340000001,1.516766724,0.400544464,1.004559875,0.597318298,1.041111938,0.500755066,0.5220730589999999,0.5904669800000001,0.096431404,0.640666809,0.051586296,0.413065674,0.049878357
0.478799,1.01374,0.5858321529999999,1.516763428,0.401145599,1.004862427,0.5978835450000001,1.041362915,0.5023905639999999,0.522439636,0.5905388789999999,0.09642500300000001,0.640675659,0.051562527000000004,0.41308395400000003,0.049970322000000005
0.479456,1.01396,0.586890808,1.516783569,0.401730865,1.005164734,0.598428589,1.041641479,0.504028198,0.522782654,0.5906176759999999,0.096406242,0.64068866,0.051528328000000005,0.413105682,0.050067509
0.480086,1.0142,0.587933044,1.516823853,0.402303833,1.005458923,0.598955566,1.0419388429999998,0.505647247,0.5230978390000001,0.590702087,0.09637490800000001,0.640705688,0.051484966,0.41313031,0.050170715000000005
0.48068700000000003,1.01444,0.588953796,1.516880371,0.40286795000000003,1.005738708,0.599466309,1.0422457280000001,0.507227783,0.523382874,0.5907910160000001,0.096331825,0.6407269290000001,0.051434254000000006,0.413156921,0.050280804000000005
0.481255,1.01469,0.589948425,1.516949585,0.403425751,1.005998718,0.5999628300000001,1.0425532229999999,0.508751404,0.523637329,0.590882629,0.096278671,0.640751892,0.051378292,0.41318478399999997,0.050398567
0.48179,1.01492,0.5909128419999999,1.517026978,0.40397906499999997,1.006235596,0.600446716,1.042852905,0.51020224,0.523862061,0.5909754030000001,0.096217636,0.640780579,0.051319218,0.413213074,0.050524593
0.48229099999999997,1.01515,0.5918436890000001,1.517108887,0.404528717,1.006447083,0.60091925,1.043137451,0.511567474,0.524059082,0.5910679320000001,0.09615123,0.640812195,0.051259068,0.413240997,0.050659107
0.482757,1.01537,0.592738281,1.5171915280000001,0.405074554,1.006632568,0.601381165,1.043400269,0.512837585,0.5242310179999999,0.5911585690000001,0.096082001,0.6408466190000001,0.0511996,0.413268036,0.050801872000000005
0.48318900000000004,1.01557,0.593594482,1.517270752,0.405615509,1.006792297,0.601833069,1.043636475,0.514006531,0.524381409,0.591246277,0.096012367,0.640883118,0.051142281,0.413293701,0.050952091000000005
0.48358999999999996,1.01576,0.594411194,1.517344116,0.406149506,1.006928101,0.6022744750000001,1.043841553,0.5150715330000001,0.5245133670000001,0.591329773,0.095944481,0.640921143,0.051088248999999995,0.413317749,0.051108368
0.48395900000000003,1.01592,0.5951876220000001,1.517408203,0.40667358400000003,1.007042053,0.602705078,1.044013184,0.516032593,0.5246305539999999,0.5914080810000001,0.095880089,0.640960022,0.051038338,0.413339966,0.051268723
0.484301,1.01608,0.595923462,1.517461182,0.407184174,1.00713739,0.603123474,1.044148804,0.516892395,0.5247358400000001,0.5914803470000001,0.09582056400000001,0.6409992069999999,0.050993107,0.413360321,0.051430641
0.484615,1.01621,0.596619385,1.5175009769999999,0.407677155,1.007217041,0.603528198,1.044248413,0.5176554569999999,0.524832092,0.591546021,0.095766823,0.6410378419999999,0.050952919,0.413378845,0.051591189999999995
0.484905,1.01633,0.597276001,1.517526489,0.408147858,1.007284668,0.603917358,1.044312256,0.518327759,0.524921387,0.591604248,0.095719391,0.641075073,0.050917984,0.41339544699999997,0.051747108
0.48517,1.01643,0.59789447,1.517537109,0.40859170499999997,1.0073433840000001,0.6042887570000001,1.044341064,0.51891626,0.525005371,0.591654297,0.09567848200000001,0.641110229,0.050888416,0.413410187,0.051894973999999996
0.485413,1.01652,0.598476379,1.5175321039999998,0.409003937,1.007396362,0.604640015,1.044337036,0.519427917,0.525085266,0.591695862,0.095644005,0.641142517,0.050864285,0.41342306500000003,0.052031337999999996
0.485634,1.01659,0.59902301,1.517511841,0.409380066,1.007446289,0.6049685060000001,1.0443026119999999,0.519869995,0.525161621,0.59172821,0.0956157,0.641171143,0.050845615000000004,0.413434052,0.052152884999999996
0.485832,1.01665,0.599536194,1.5174765620000001,0.409715973,1.0074954219999999,0.605271729,1.044240356,0.520249084,0.525234558,0.591751099,0.09559318500000001,0.641195374,0.050832432,0.41344317599999997,0.052256583999999995
0.486007,1.0167,0.600017395,1.5174273679999999,0.41000802599999997,1.0075455930000001,0.605547424,1.044153809,0.5205713500000001,0.525304077,0.591764282,0.095576012,0.641214478,0.050824733999999996,0.413450287,0.05233976
0.48615800000000003,1.01674,0.600468262,1.5173649900000001,0.410253235,1.007598145,0.605793091,1.044046143,0.520842407,0.5253697509999999,0.5917676390000001,0.09556373600000001,0.641228027,0.050822505999999996,0.413455383,0.052400227
0.486286,1.01677,0.6008901980000001,1.5172907709999999,0.410449341,1.007653809,0.606006775,1.043921021,0.5210670169999999,0.5254310910000001,0.5917612299999999,0.095555969,0.6412354739999999,0.05082568,0.413458435,0.052436386
0.486388,1.0167899999999999,0.601284485,1.517206421,0.41059487899999997,1.00771283,0.606186523,1.043781616,0.5212493899999999,0.525487854,0.591745605,0.09555232999999999,0.641236633,0.050834133000000004,0.41345925899999997,0.05244723900000001
0.486465,1.01681,0.601652161,1.517113037,0.410689209,1.007775452,0.606330688,1.0436317140000002,0.521393188,0.5255394290000001,0.591721436,0.09555255900000001,0.641231384,0.050847659999999996,0.413457947,0.052432457
0.486515,1.01681,0.601993958,1.517012451,0.410732452,1.007840881,0.606438171,1.043474487,0.5215016480000001,0.525585815,0.591689392,0.095556412,0.641219788,0.050865982000000004,0.413454468,0.052392403000000004
0.486539,1.01681,0.602310669,1.516906128,0.410725464,1.007908691,0.6065078740000001,1.043312866,0.521578003,0.5256270749999999,0.591650818,0.09556371300000001,0.641202454,0.050888695,0.413448792,0.052328079
0.486536,1.01681,0.602602478,1.516795654,0.410669952,1.007978088,0.606539368,1.043150269,0.521625305,0.525663635,0.591606995,0.095574318,0.6411795650000001,0.050915333,0.413440948,0.052241169
0.486506,1.0168,0.602869812,1.516682129,0.41056796300000004,1.0080477909999999,0.606532349,1.04298938,0.521646484,0.5256958620000001,0.5915592040000001,0.09558811199999999,0.641152039,0.050945354000000005,0.413431,0.052133896
0.48645,1.0167899999999999,0.60311261,1.516567627,0.410422394,1.008116943,0.6064866940000001,1.042832764,0.521644958,0.525724792,0.591509155,0.095604935,0.641120667,0.050978133999999994,0.41341900600000003,0.052009006999999996
0.48636900000000005,1.01678,0.603330872,1.516452637,0.410236298,1.008184448,0.60640271,1.042682373,0.521623962,0.525751282,0.5914581910000001,0.095624641,0.641086548,0.051013046,0.41340509,0.051869629
0.48626400000000003,1.01677,0.6035243530000001,1.516338989,0.41001312300000003,1.0082490229999999,0.606281006,1.042540894,0.521587402,0.525776611,0.591407776,0.095647026,0.64105072,0.051049442,0.413389343,0.051719158
0.486136,1.01675,0.60369281,1.516227295,0.40975643900000003,1.008309814,0.606122253,1.0424101559999999,0.521539062,0.525802124,0.5913592529999999,0.095671906,0.641014343,0.051086704,0.41337207,0.051561111
0.485988,1.01674,0.60383606,1.516118408,0.409470032,1.008365845,0.605927551,1.0422913820000002,0.5214830930000001,0.5258290409999999,0.5913136600000001,0.095699013,0.6409784550000001,0.051124275,0.413353394,0.051398979
0.48582,1.01672,0.603953979,1.516013184,0.409157471,1.008416199,0.6056979370000001,1.042186401,0.5214240720000001,0.5258584590000001,0.591272034,0.095728058,0.640944214,0.051161651999999995,0.413333618,0.051236088
0.485635,1.0167,0.604046143,1.515912109,0.408822357,1.008460022,0.6054345090000001,1.0420960689999998,0.521366211,0.525891785,0.591234985,0.095758759,0.640912598,0.05119841,0.41331311,0.051075493
0.485435,1.01668,0.60411261,1.515815674,0.408467987,1.008497009,0.605138977,1.04202124,0.521314392,0.525929871,0.591202942,0.095790802,0.640884216,0.051234237999999994,0.413292267,0.050919819
0.485223,1.01667,0.6041534420000001,1.5157241209999999,0.408097504,1.008526306,0.6048125,1.041962769,0.5212728879999999,0.525973633,0.591176086,0.095823929,0.640859863,0.05126886,0.41327136200000003,0.050771263
0.484999,1.01665,0.6041687010000001,1.515637695,0.40771365400000004,1.008547668,0.604457031,1.041920532,0.521246216,0.5260234380000001,0.5911546630000001,0.095857849,0.6408397220000001,0.051302115999999995,0.413250946,0.050631473999999996
0.484768,1.01663,0.60415863,1.515556519,0.407318909,1.008561035,0.604074036,1.041894897,0.521238281,0.526079956,0.5911384279999999,0.095892357,0.6408240359999999,0.051333862,0.41323144500000003,0.05050161
0.484529,1.01662,0.60412384,1.515480347,0.406915497,1.008565674,0.603665344,1.041885498,0.521252441,0.5261430659999999,0.591127075,0.095927238,0.6408126829999999,0.051364037,0.413213196,0.05038232
0.48428699999999997,1.0166,0.6040646359999999,1.51540918,0.40650518799999996,1.008562073,0.6032329099999999,1.041891846,0.521291748,0.5262128300000001,0.5911204219999999,0.095962379,0.640805603,0.051392586000000004,0.41319659400000003,0.050273804
0.484041,1.01658,0.6039819949999999,1.515342773,0.406089539,1.008550049,0.602778748,1.041913086,0.521357788,0.526288635,0.591118042,0.09599769600000001,0.640802185,0.051419468,0.41318194599999997,0.050175877
0.48379500000000003,1.01657,0.603876526,1.5152807620000002,0.405669739,1.008529907,0.602304626,1.0419479980000002,0.5214513550000001,0.526369934,0.591119324,0.09603318,0.6408019410000001,0.051444672,0.413169556,0.050088062
0.483548,1.01655,0.603749451,1.515222656,0.405246826,1.008501648,0.601812988,1.041995239,0.521572021,0.526455872,0.591124023,0.096068832,0.64080426,0.051468178,0.413159546,0.050009650999999995
0.483303,1.01653,0.603601807,1.515168457,0.404821442,1.0084657590000001,0.6013057860000001,1.042053833,0.521717773,0.526545532,0.59113147,0.096104752,0.64080835,0.051490012999999994,0.413151947,0.049939793
0.483059,1.01652,0.603434875,1.5151173100000002,0.404394257,1.008422729,0.6007854,1.042121704,0.521885437,0.526637573,0.591141113,0.096141022,0.640813477,0.051510193,0.413146729,0.049877548
0.48281799999999997,1.0165,0.603249817,1.515068726,0.403965637,1.008373047,0.6002540279999999,1.042197144,0.5220704349999999,0.5267307130000001,0.591152405,0.09617780299999999,0.6408189089999999,0.051528793,0.41314382899999996,0.049821953
0.48257799999999995,1.0164900000000001,0.6030481569999999,1.515022461,0.403535858,1.008317139,0.599713989,1.0422783199999999,0.522266846,0.526823669,0.591164917,0.096215233,0.6408240359999999,0.051545925,0.413143036,0.049772079
0.482341,1.01647,0.602831177,1.5149780270000002,0.40310510299999996,1.008255859,0.5991676029999999,1.0423632809999999,0.522468018,0.526914978,0.591177917,0.096253448,0.6408281859999999,0.051561745,0.413144043,0.049727032000000004
0.482105,1.0164600000000001,0.602600586,1.514935059,0.402673553,1.008189697,0.598617065,1.0424506839999998,0.522666748,0.527003357,0.5911908570000001,0.096292603,0.640831055,0.051576481,0.413146545,0.049685974
0.48186900000000005,1.01644,0.602357727,1.5148927,0.402241241,1.008119446,0.5980648190000001,1.0425382079999999,0.522855408,0.5270876459999999,0.591203125,0.096332802,0.640832092,0.051590401,0.413150238,0.049648155
